<?xml version="1.0" encoding="UTF-8"?>
<!DOCTYPE sqlMap PUBLIC "-//ibatis.apache.org//DTD SQL Map 2.0//EN" "sql-map-2.dtd">

<sqlMap namespace="ChargebackReport">

	<!-- Aliases for Java primitive wrapper objects -->
	<typeAlias alias="Integer" type="java.lang.Integer" />
	<typeAlias alias="String" type="java.lang.String" />
	<typeAlias alias="Map" type="java.util.Map" />

	<typeAlias alias="ChargebackReportBO"
		type="com.unfi.cbk.bo.ChargebackReportBO" />

	

	<!-- Result mappings -->

	<!-- Audit Details -->
	<resultMap id="reason-result" class="ChargebackReportBO">
		<result property="reasonCode" column="reasonCode" />
		
	</resultMap>
	
	<resultMap id="chargebackReportList-result"
		class="ChargebackReportBO">
		<result property="documentNumber" column="documentNumber" />
		<result property="locationNumber" column="locationNumber" />
		<result property="documentDate" column="documentDate" />
		<result property="vendorNumber" column="vendorNumber" />
		<result property="vendorName" column="vendorName" />
		<result property="typeDescription" column="typeDescription" />
		<result property="creator" column="creator" />
		<result property="briefDecription" column="briefDecription" />
		<result property="reasonCode" column="reasonCode" />
		<result property="productGroupCode" column="productGroupCode" />
		<result property="amount" column="amount" />
		<result property="distLocNumber" column="distLocNumber" />
		<result property="state" column="state" />
		<result property="accNumber" column="accNumber" />
		<result property="distributionAmount" column="distributionAmount" />
		<result property="dueDate" column="dueDate" />
	</resultMap>

	


	<!-- Cache models -->
	<cacheModel id="count-cache" type="LRU">
		<flushInterval minutes="10" />
		<property name="size" value="100" />
	</cacheModel>

	<!-- SQL -->

	<select id="getReasonCode" resultMap="reason-result">
		SELECT REASON_CODE reasonCode
		 FROM ${db.schema.name}.CBK_REASONS
		
	</select>

	<select id="getChargebackReportList" resultMap="chargebackReportList-result">

		<![CDATA[ 
		
		SELECT cb.INVOICE_NUMBER documentNumber,cb.location_NUMBER locationNumber,cb.INVOICE_DATE  documentDate, 
		cb.VENDOR_NUMBER  vendorNumber,vd.VENDOR_VNAME vendorName,ct.TYPE_DESCRIPTION typeDescription, 
		ca.approver_name  creator,cb.SHORT_DESC briefDecription,cb.REASON_CODE reasonCode, 
		cb.PRODUCT_GROUP_CODE productGroupCode,SUM(ci.Item_Price*ci.Item_Quantity)  amount, cd.DIST_LOC_NUMBER  distLocNumber,cd.PRODUCT_GROUP state,
		cd.account_number  accNumber, cd.distribution_amount distributionAmount,cb.DUE_DATE  dueDate 
		FROM 
		${db.schema.name}.CBK_CHARGEBACK cb, ${db.schema.name}.CBK_PRODUCT_GROUP pg, ${db.schema.name}.CBK_TYPE ct,${db.schema.name}.CBK_ITEM ci,${db.schema.name}.CBK_distribution cd,
		${db.schema.name}.CBK_approver ca, ${db.schema.name}.APVENMAST_V vd, ${db.schema.name}.CBK_audit dt
		WHERE   
		cb.TYPE_ID = ct.TYPE_ID(+) and cb.INVOICE_NUMBER = dt.INVOICE_NUMBER(+) and cb.location_NUMBER = dt.location_NUMBER(+) and  cb.INVOICE_NUMBER = ci.INVOICE_NUMBER(+) and 
		cb.location_NUMBER = ci.location_NUMBER(+) and cb.INVOICE_NUMBER = cd.INVOICE_NUMBER(+) and cb.location_NUMBER = 
		cd.location_NUMBER(+) and cb.PRODUCT_GROUP_CODE=pg.PRODUCT_GROUP_CODE(+) and  trim(CAST(substr(trim(leading 'O' from 
		cb.vendor_number),0,7) AS INT)) = TRIM(vd.vendor(+)) and cb.creator_id = ca.approver_id(+)
		 ]]>
		<dynamic>
			<isNotEmpty property="typeId" prepend="AND">
				cb.TYPE_ID = #typeId# 
			</isNotEmpty>
			<isNotEmpty property="fromDate" prepend="AND">
				 dt.exported_date BETWEEN #fromDate#  AND #toDate#
				<!-- BETWEEN TO_DATE(#fromDate#,'MM/DD/YYYY') AND
				TO_DATE(#toDate#,'MM/DD/YYYY')+ (1-1/24/60/60) -->
			</isNotEmpty>
			<isNotEmpty property="vendorId" prepend="AND">
				cb.VENDOR_NUMBER = #vendorId# 
			</isNotEmpty>
			<isNotEmpty property="reasonCode" prepend="AND">
				cb.REASON_CODE in (#reasonCode#) 
			</isNotEmpty>
		</dynamic>
		 
		 GROUP BY cd.product_group,vd.vendor,cb.INVOICE_NUMBER,dt.location_NUMBER,ci.INVOICE_NUMBER, 
		cd.INVOICE_NUMBER,cb.INVOICE_DATE,cb.DUE_DATE,ct.TYPE_DESCRIPTION,cd.distribution_amount,cd.DIST_LOC_NUMBER ,cb.VENDOR_NUMBER ,  
		cb.SHORT_DESC, cb.LOCATION_NUMBER, ci.LOCATION_NUMBER, cd.LOCATION_NUMBER, cb.PRODUCT_GROUP_CODE, cb.REASON_CODE, cd.Account_Number, 
		ca.approver_name, vd.VENDOR_VNAME ORDER BY cb.INVOICE_NUMBER , cd.Account_Number
		
		
		
		
	</select>

</sqlMap>

