<?xml version="1.0" encoding="UTF-8"?>
<!DOCTYPE sqlMap PUBLIC "-//ibatis.apache.org//DTD SQL Map 2.0//EN" "sql-map-2.dtd">

<sqlMap namespace="ChargebackExport">

	<!-- Aliases for Java primitive wrapper objects -->
	<typeAlias alias="Integer" type="java.lang.Integer" />
	<typeAlias alias="String" type="java.lang.String" />
	<typeAlias alias="Map" type="java.util.Map" />
	<typeAlias alias="Date" type="java.util.Date" />

	<typeAlias alias="ChargebackExportBO"
		type="com.unfi.cbk.bo.ChargebackExportBO" />

	<typeAlias alias="ExportResultsBO"
		type="com.unfi.cbk.bo.ExportResultsBO" />

	<typeAlias alias="ChargebackBO"
		type="com.unfi.cbk.bo.ChargebackBO" />

	<!-- Result mappings -->

	<!-- Audit Details -->
	<resultMap id="typeAmount-results" class="ExportResultsBO">
		<result property="typeName" column="typeName" />
		<result property="exportedAmount" column="exportedAmount" />

	</resultMap>
	<resultMap id="exportId-results" class="ExportResultsBO">
		<result property="exportedId" column="exportedId" />


	</resultMap>

	<!-- Result mappings -->
	<resultMap id="previewExportResults-results"
		class="ChargebackExportBO">
		<result property="invoiceNumber" column="invoiceNumber" />
		<result property="locationNumber" column="locationNumber" />
		<result property="exportedAmount" column="exportedAmount" />

	</resultMap>

	<!-- Aged Chargeback Report -->
	<resultMap id="agedChargebackReport-results"
		class="ChargebackExportBO">
		<result property="invoiceNumber" column="invoiceNumber" />
		<result property="locationNumber" column="locationNumber" />
		<result property="invoiceDate" column="invoiceDate" />
		<result property="typeName" column="typeName" />
		<result property="vendorId" column="vendorId" />
		<result property="nextApprover" column="nextApprover" />
		<result property="originator" column="originator" />
		<result property="exportedAmount" column="exportedAmount" />
		<!-- <result property="exportedDate" column="exportedDate" /> -->
	</resultMap>



	<!-- update Due date -->
	<resultMap id="updateDuedate-results"
		class="ChargebackExportBO">
		<result property="invoiceNumber" column="invoiceNumber" />
		<result property="locationNumber" column="locationNumber" />
		<result property="oldDueDate" column="oldDueDate" />
		<result property="updatedDueDate" column="updatedDueDate" />
		<result property="vendorId" column="vendorId" />
		<result property="lastApprovalDate" column="lastApprovalDate" />
		<result property="updateDetailValue" column="updateDetailValue" />

	</resultMap>

	<resultMap id="agedChargebackReport-results"
		class="ChargebackExportBO">
		<result property="exportedAmount" column="exportedAmount" />
		<!-- <result property="exportedDate" column="exportedDate" /> -->
	</resultMap>


	<!-- Cache models -->
	<cacheModel id="count-cache" type="LRU">
		<flushInterval minutes="10" />
		<property name="size" value="100" />
	</cacheModel>

	<!-- SQL -->

	<!-- AuditDetails -->

	<select id="getTypeAmount" parameterClass="Map"
		resultMap="typeAmount-results">
		SELECT TYPE_DESCRIPTION typeName, SUM(EXPORTED_AMOUNT * DECODE(CREDIT,
		-1, -1, 1)) As exportedAmount
		FROM ${db.schema.name}.CBK_CHARGEBACK A,
		${db.schema.name}.CBK_AUDIT B, ${db.schema.name}.CBK_Type C, (SELECT
		DISTINCT LOCATION_NUMBER
		FROM ${db.schema.name}.CBK_APPROVER_ROLES
		WHERE APPROVER_ID = #exportedId#) D
		WHERE A.INVOICE_NUMBER =
		B.INVOICE_NUMBER AND A.LOCATION_NUMBER =
		B.LOCATION_NUMBER AND
		A.TYPE_ID = C.TYPE_ID AND
		SUBSTR(A.LOCATION_NUMBER, 1, 2) =
		D.LOCATION_NUMBER

		<isNotEmpty property="locationNumber">
			AND A.LOCATION_NUMBER
			LIKE
			#locationNumber#
		</isNotEmpty>
		<isNotEmpty property="date">
			AND TRUNC(EXPORTED_DATE) LIKE
			TO_DATE(#date#,'dd-MON-yy')
		</isNotEmpty>

		Group BY TYPE_DESCRIPTION, A.TYPE_ID,TRUNC(EXPORTED_DATE)
	</select>
	<select id="getExportId" parameterClass="Map"
		resultMap="exportId-results">

		SELECT DISTINCT EXPORTER_ID exportedId from ${db.schema.name}.cbk_audit
		where TRUNC(EXPORTED_DATE) = #date#

	</select>



	<select id="previewExportResults"
		resultMap="previewExportResults-results">

		select invoice_number invoiceNumber,location_number
		locationNumber,amount
		exportedAmount from
		${db.schema.name}.CBK_AVAILABLE_EXPORTS_V order by
		invoice_number
	</select>

	<sql id="query_agedChargebackReportList">
		
		<![CDATA[ 
		   ( SELECT rownum rowCount, aged.* FROM (    
		SELECT cb.INVOICE_NUMBER invoiceNumber, cb.location_number
		locationNumber, cb.INVOICE_DATE invoiceDate, ct.TYPE_DESCRIPTION
		typeName, cb.VENDOR_NUMBER vendorId, ca.approver_name originator, 
		ca1.approver_name nextApprover, Sum(ci.Item_Price*ci.Item_Quantity) exportedAmount
		FROM ${db.schema.name}.CBK_CHARGEBACK cb, ${db.schema.name}.CBK_TYPE ct, ${db.schema.name}.CBK_ITEM ci, ${db.schema.name}.cbk_approver ca, ${db.schema.name}.cbk_approver ca1
		WHERE (((cb.invoice_date)>=  #fromDate#) And
		((cb.invoice_date)<=#toDate#) And ((cb.exported) Is Null) And
		((cb.CANCELLED) Is Null) And ((cb.TYPE_ID)=ct.TYPE_ID) And
		((cb.INVOICE_NUMBER)=ci.INVOICE_NUMBER) And
		((cb.creator_id)=ca.approver_id) And
		((cb.next_approver_id)=ca1.approver_id))
		GROUP BY cb.INVOICE_NUMBER, cb.location_number, cb.INVOICE_DATE,
		ct.TYPE_DESCRIPTION, cb.VENDOR_NUMBER, cb.creator_id,
		ca.approver_name, cb.next_approver_id, ca1.approver_name
		) aged)aged2                                                                        
	 ]]>

	</sql>




	<select id="agedChargebackReportShowAll" parameterClass="Map"
		resultMap="agedChargebackReport-results">
		
		<![CDATA[ 
			
			SELECT * FROM (  ( SELECT rownum rowCount, aged.* FROM (    
		SELECT cb.INVOICE_NUMBER invoiceNumber, cb.location_number
		locationNumber, cb.INVOICE_DATE invoiceDate, ct.TYPE_DESCRIPTION
		typeName, cb.VENDOR_NUMBER vendorId, ca.approver_name originator, 
		ca1.approver_name nextApprover, Sum(ci.Item_Price*ci.Item_Quantity) exportedAmount
		FROM ${db.schema.name}.CBK_CHARGEBACK cb, ${db.schema.name}.CBK_TYPE ct, ${db.schema.name}.CBK_ITEM ci, ${db.schema.name}.cbk_approver ca, ${db.schema.name}.cbk_approver ca1
		WHERE (((cb.invoice_date)>=  #fromDate#) And
		((cb.invoice_date)<=#toDate#) And ((cb.exported) Is Null) And
		((cb.CANCELLED) Is Null) And ((cb.TYPE_ID)=ct.TYPE_ID) And
		((cb.INVOICE_NUMBER)=ci.INVOICE_NUMBER) And
		((cb.creator_id)=ca.approver_id) And
		((cb.next_approver_id)=ca1.approver_id))
		GROUP BY cb.INVOICE_NUMBER, cb.location_number, cb.INVOICE_DATE,
		ct.TYPE_DESCRIPTION, cb.VENDOR_NUMBER, cb.creator_id,
		ca.approver_name, cb.next_approver_id, ca1.approver_name
		) aged)aged2  )                                                                      
	 ]]>

	</select>








	<select id="agedChargebackReport" parameterClass="Map"
		resultMap="agedChargebackReport-results">
		<include refid="IncludesOracle.startOf_rowLimit" />
		<include refid="query_agedChargebackReportList" />
		<isNotEmpty property="sortBy">
			ORDER BY $sortBy$ $sortOrder$
		</isNotEmpty>
		<include refid="IncludesOracle.endOf_rowLimit_rowCount" />
	</select>
	<select id="agedChargebackReportCount" parameterClass="Map"
		resultClass="Integer" cacheModel="count-cache">
		<include refid="IncludesOracle.count_start" />
		<include refid="query_agedChargebackReportList" />
		<include refid="IncludesOracle.count_end" />
	</select>

	<select id="updateDuedate" resultMap="updateDuedate-results">
		
		<![CDATA[ 
		
		SELECT CBK_CHARGEBACK.INVOICE_NUMBER invoiceNumber, CBK_CHARGEBACK.LOCATION_NUMBER locationNumber, CBK_CHARGEBACK.DUE_DATE oldDueDate, Max(CBK_APPROVALS.APPROVAL_DATE) + SUBSTR(LUPTBLDTL_V.DTL_VALUE,-4) updatedDueDate, CBK_CHARGEBACK.VENDOR_NUMBER vendorId, Max(CBK_APPROVALS.APPROVAL_DATE) AS lastApprovalDate, 
		LUPTBLDTL_V.DTL_VALUE updateDetailValue FROM ((${db.schema.name}.CBK_CHARGEBACK INNER JOIN ${db.schema.name}.CBK_APPROVALS ON (CBK_CHARGEBACK.INVOICE_NUMBER = CBK_APPROVALS.INVOICE_NUMBER) 
		AND (CBK_CHARGEBACK.LOCATION_NUMBER = CBK_APPROVALS.LOCATION_NUMBER)) INNER JOIN ${db.schema.name}.CBK_AVAILABLE_EXPORTS_v ON (CBK_CHARGEBACK.LOCATION_NUMBER = CBK_AVAILABLE_exports_v.LOCATION_NUMBER) 
		AND (CBK_CHARGEBACK.INVOICE_NUMBER = CBK_AVAILABLE_exports_v.INVOICE_NUMBER)) INNER JOIN ${db.schema.name}.LUPTBLDTL_V ON CBK_CHARGEBACK.VENDOR_NUMBER = LUPTBLDTL_V.DTL_KEY
		WHERE ( DTL_VALUE like 'Days to add to system date%' and CBK_CHARGEBACK.Type_id in (1,5,7))
		GROUP BY CBK_CHARGEBACK.INVOICE_NUMBER, CBK_CHARGEBACK.LOCATION_NUMBER, CBK_CHARGEBACK.DUE_DATE, CBK_CHARGEBACK.VENDOR_NUMBER, LUPTBLDTL_V.DTL_VALUE order by CBK_CHARGEBACK.INVOICE_NUMBER
	 ]]>

	</select>

	<update id="updateChargebackDueDate"
		parameterClass="ChargebackBO">
		UPDATE ${db.schema.name}.CBK_CHARGEBACK
		SET DUE_DATE =
		#lastApprovalDate:DATE# + #daysToAdd:VARCHAR#
		WHERE
		LTRIM(INVOICE_NUMBER) = #invoiceNumber:VARCHAR#
	</update>


	<!-- Start of export process queries -->

	<select id="getLastExportedDate" resultClass="String">

		select expdate
		lastExportedDate from ${db.schema.name}.EXPLASTEXPORT
	</select>

	<insert id="insertExpType">
		INSERT INTO
		${db.schema.name}.EXPTYPE
		SELECT CBK_TYPE.*
		FROM
		${db.schema.name}.CBK_TYPE
	</insert>

	<insert id="insertExpReasons">
		INSERT INTO
		${db.schema.name}.EXPREASONS
		SELECT
		CBK_REASONS.*
		FROM ${db.schema.name}.CBK_REASONS
	</insert>

	<insert id="insertExpAvailableExports">
		INSERT INTO ${db.schema.name}.EXPAVAILABLEEXPORTS
		SELECT
		CBK_AVAILABLE_EXPORTS.*
		FROM
		${db.schema.name}.CBK_AVAILABLE_EXPORTS
	</insert>

	<insert id="insertExpChargeback">
		INSERT INTO ${db.schema.name}.EXPCHARGEBACK
		SELECT
		CBK_CHARGEBACK.*
		FROM ${db.schema.name}.CBK_CHARGEBACK INNER
		${db.schema.name}.JOIN
		CBK_AVAILABLE_EXPORTS
		ON
		(CBK_CHARGEBACK.LOCATION_NUMBER=CBK_AVAILABLE_EXPORTS.LOCATION_NUMBER)
		AND
		(CBK_CHARGEBACK.INVOICE_NUMBER=CBK_AVAILABLE_EXPORTS.INVOICE_NUMBER
	</insert>

	<insert id="insertExpDistribution">
		INSERT INTO ${db.schema.name}.EXPDISTRIBUTION
		SELECT
		CBK_DISTRIBUTION.*
		FROM ${db.schema.name}.CBK_AVAILABLE_EXPORTS INNER
		JOIN
		${db.schema.name}.CBK_DISTRIBUTION ON
		(CBK_AVAILABLE_EXPORTS.LOCATION_NUMBER=CBK_DISTRIBUTION.LOCATION_NUMBER)
		AND
		(CBK_AVAILABLE_EXPORTS.INVOICE_NUMBER=CBK_DISTRIBUTION.INVOICE_NUMBER)

	</insert>

	<insert id="insertExpItem">
		INSERT INTO ${db.schema.name}.EXPITEM (
		INVOICE_NUMBER,
		LOCATION_NUMBER, LINE_NUMBER, ITEM_NUMBER, ITEM_PACK,
		ITEM_SIZE,
		ITEM_DESCRIPTION, ITEM_UPC, ITEM_SLOT, ITEM_QUANTITY,
		ITEM_PRICE,
		PRODUCT_CODE, DC_NUMBER, REGION, DIVISION, SUBFUND )
		SELECT
		CA.INVOICE_NUMBER, CA.LOCATION_NUMBER, CI.LINE_NUMBER,
		CI.ITEM_NUMBER,
		CI.ITEM_PACK, CI.ITEM_SIZE, CI.ITEM_DESCRIPTION,
		CI.ITEM_UPC,
		CI.ITEM_SLOT, CI.ITEM_QUANTITY, CI.ITEM_PRICE,
		CI.PRODUCT_CODE,
		CI.DC_NUMBER, CI.REGION, CI.DIVISION, CI.SUBFUND
		FROM
		${db.schema.name}.CBK_AVAILABLE_EXPORTS AS CA INNER JOIN
		${db.schema.name}.CBK_ITEM AS CI
		ON
		(CA.INVOICE_NUMBER=CI.INVOICE_NUMBER) AND
		(CA.LOCATION_NUMBER=CI.LOCATION_NUMBER)
	</insert>

	<insert id="insertExpApprovals">
		INSERT INTO ${db.schema.name}.EXPAPPROVALS (
		INVOICE_NUMBER,
		LOCATION_NUMBER, STEP_NUMBER, APPROVER_ID,
		APPROVAL_DATE )
		SELECT
		CA.INVOICE_NUMBER, CA.LOCATION_NUMBER,
		CAP.STEP_NUMBER,
		CAP.APPROVER_ID, CAP.APPROVAL_DATE
		FROM
		${db.schema.name}.CBK_AVAILABLE_EXPORTS
		AS CA INNER JOIN
		${db.schema.name}.CBK_APPROVALS AS CAP ON
		(CA.LOCATION_NUMBER=CAP.LOCATION_NUMBER) AND
		(CA.INVOICE_NUMBER=CAP.INVOICE_NUMBER)
	</insert>

	<insert id="insertExpDistRecords">
	<![CDATA[ 
		INSERT INTO ${db.schema.name}.EXPDISTRECORDS ( COMPANY_CODE,
		ACCOUNT_NUMBER, DISTRIBUTION_AMOUNT, DIST_LOC_NUMBER, PRODUCT_GROUP,
		INVOICE_NUMBER, LOCATION_NUMBER, DUE_DATE, INVOICE_DATE,
		VENDOR_INVOICE, VENDOR_NUMBER, ATTACHMENT, TYPE_ID, CREATOR_ID,
		BARCODE, SHORT_DESC, EXPORTED, CANCELLED, NEXT_APPROVER_ID,
		INTERNET_INSTRUCTION, ReasonCode, RefNum, ProdCode )
		SELECT EXPDISTRIBUTION.COMPANY_CODE, EXPDISTRIBUTION.ACCOUNT_NUMBER,
		EXPDISTRIBUTION.DISTRIBUTION_AMOUNT, EXPDISTRIBUTION.DIST_LOC_NUMBER,
		EXPDISTRIBUTION.PRODUCT_GROUP, EXPCHARGEBACK.INVOICE_NUMBER,
		EXPCHARGEBACK.LOCATION_NUMBER, EXPCHARGEBACK.DUE_DATE,
		EXPCHARGEBACK.INVOICE_DATE, EXPCHARGEBACK.VENDOR_INVOICE,
		EXPCHARGEBACK.VENDOR_NUMBER, EXPCHARGEBACK.ATTACHMENT,
		EXPCHARGEBACK.TYPE_ID, NVL(APPROVER_ID,CREATOR_ID) AS Expr1,
		EXPCHARGEBACK.BARCODE, EXPCHARGEBACK.SHORT_DESC,
		EXPCHARGEBACK.EXPORTED, EXPCHARGEBACK.CANCELLED,
		EXPCHARGEBACK.NEXT_APPROVER_ID, EXPCHARGEBACK.INTERNET_INSTRUCTION,
		EXPCHARGEBACK.REASON_CODE, EXPCHARGEBACK.REFERENCE_NUMBER,
		EXPCHARGEBACK.PRODUCT_GROUP_CODE
		FROM (${db.schema.name}.EXPAVAILABLEEXPORTS INNER JOIN ((${db.schema.name}.EXPDISTRIBUTION
		INNER JOIN ${db.schema.name}.EXPCHARGEBACK ON
		(EXPDISTRIBUTION.INVOICE_NUMBER=EXPCHARGEBACK.INVOICE_NUMBER) AND
		(EXPDISTRIBUTION.LOCATION_NUMBER=EXPCHARGEBACK.LOCATION_NUMBER)) INNER
		JOIN ${db.schema.name}.EXPTYPE ON EXPCHARGEBACK.TYPE_ID=EXPTYPE.TYPE_ID) ON
		(EXPAVAILABLEEXPORTS.LOCATION_NUMBER=EXPCHARGEBACK.LOCATION_NUMBER)
		AND (EXPAVAILABLEEXPORTS.INVOICE_NUMBER=EXPCHARGEBACK.INVOICE_NUMBER))
		LEFT JOIN ${db.schema.name}.CBK_APPROVER ON
		EXPCHARGEBACK.CREATOR_ID=CBK_APPROVER.APPROVER_ID
		WHERE (((EXPDISTRIBUTION.DISTRIBUTION_AMOUNT)<>0) AND
		((EXPTYPE.UPLOAD_AP)='-1')) 

	]]>
	</insert>

	<insert id="insertExpDetail">
	<![CDATA[ 
		INSERT INTO ${db.schema.name}.EXPDETAIL_TEMP( ITEM_NUMBER, ITEM_PACK, ITEM_SIZE, ITEM_DESCRIPTION, ITEM_UPC, ITEM_SLOT, ITEM_QUANTITY, ITEM_PRICE, INVOICE_NUMBER, LOCATION_NUMBER, DUE_DATE, INVOICE_DATE, 
			VENDOR_INVOICE, VENDOR_NUMBER, ATTACHMENT, TYPE_ID, CREATOR_ID, BARCODE, SHORT_DESC, EXPORTED, CANCELLED, NEXT_APPROVER_ID, INTERNET_INSTRUCTION, REFNUM )
			SELECT EXPITEM.ITEM_NUMBER, EXPITEM.ITEM_PACK, EXPITEM.ITEM_SIZE, EXPITEM.ITEM_DESCRIPTION, EXPITEM.ITEM_UPC, EXPITEM.ITEM_SLOT, EXPITEM.ITEM_QUANTITY, EXPITEM.ITEM_PRICE, 
			EXPCHARGEBACK.INVOICE_NUMBER, EXPCHARGEBACK.LOCATION_NUMBER, EXPCHARGEBACK.DUE_DATE, EXPCHARGEBACK.INVOICE_DATE, EXPCHARGEBACK.VENDOR_INVOICE, EXPCHARGEBACK.VENDOR_NUMBER,
			EXPCHARGEBACK.ATTACHMENT, EXPCHARGEBACK.TYPE_ID, NVL(Approver_Name,CREATOR_ID) AS Expr1, EXPCHARGEBACK.BARCODE, EXPCHARGEBACK.SHORT_DESC, EXPCHARGEBACK.EXPORTED,
			EXPCHARGEBACK.CANCELLED, EXPCHARGEBACK.NEXT_APPROVER_ID, EXPCHARGEBACK.INTERNET_INSTRUCTION, EXPCHARGEBACK.REFERENCE_NUMBER
			FROM (${db.schema.name}.EXPAVAILABLEEXPORTS INNER JOIN ((${db.schema.name}.EXPCHARGEBACK INNER JOIN ${db.schema.name}.EXPITEM 
			ON (EXPCHARGEBACK.INVOICE_NUMBER = EXPITEM.INVOICE_NUMBER) AND (EXPCHARGEBACK.LOCATION_NUMBER = EXPITEM.LOCATION_NUMBER)) 
			INNER JOIN ${db.schema.name}.EXPTYPE ON EXPCHARGEBACK.TYPE_ID = EXPTYPE.TYPE_ID) ON (EXPAVAILABLEEXPORTS.INVOICE_NUMBER = EXPCHARGEBACK.INVOICE_NUMBER) 
			AND (EXPAVAILABLEEXPORTS.LOCATION_NUMBER = EXPCHARGEBACK.LOCATION_NUMBER)) LEFT JOIN ${db.schema.name}.CBK_APPROVER ON EXPCHARGEBACK.CREATOR_ID = ${db.schema.name}.CBK_APPROVER.APPROVER_ID
			WHERE (((EXPTYPE.UPLOAD_AP)='-1') AND ((EXPTYPE.VENDOR_REQUIRED)='-1'))

	]]>
	</insert>

	<insert id="insertExpNotExported">
	<![CDATA[ 
		INSERT INTO ${db.schema.name}.EXPNOTEXPORTED ( INVOICE_NUMBER, LOCATION_NUMBER, TotalAmount )
			SELECT EXPDISTRECORDS.INVOICE_NUMBER, EXPDISTRECORDS.LOCATION_NUMBER, Sum(EXPDISTRECORDS.DISTRIBUTION_AMOUNT) AS SumOfDISTRIBUTION_AMOUNT
			FROM ${db.schema.name}.EXPDISTRECORDS INNER JOIN ${db.schema.name}.EXPTYPE ON EXPDISTRECORDS.TYPE_ID = EXPTYPE.TYPE_ID
			GROUP BY EXPDISTRECORDS.INVOICE_NUMBER, EXPDISTRECORDS.LOCATION_NUMBER, EXPTYPE.UPLOAD_AP
			HAVING((EXPTYPE.UPLOAD_AP)='-1')
	]]>
	</insert>

	<insert id="insertCvdDistExport">
	<![CDATA[ 
		INSERT INTO ${db.schema.name}.EXPCVDDISTEXPORT( CVD-Dis-Acct-Unit, CVD-Dis-Account, CVD-Vendor, CVD-Invoice, CVD-Orig-Tran-Amount )
			SELECT TO_CHAR(DIST_LOC_NUMBER,'000000') || TO_CHAR(PRODUCT_GROUP,'000') AS AcctUnit,
			TO_CHAR(Account_Number,'000000') AS DistAcct,
			Case When LENGTH(Vendor_Number) > 7   THEN 	SUBSTR(Vendor_Number,1,7) Else (VENDOR_NUMBER) END As Vend,
			INVOICE_NUMBER AS Inv,
			Case When CREDIT > 0  THEN 	'+' Else '-' END || TO_CHAR((Distribution_Amount),'Fixed') AS InvAmt
			FROM ${db.schema.name}.EXPTYPE INNER JOIN ${db.schema.name}.EXPDISTRECORDS ON EXPTYPE.TYPE_ID = EXPDISTRECORDS.TYPE_ID
			WHERE (((EXPTYPE.UPLOAD_AP)='-1'))
			ORDER BY EXPDISTRECORDS.VENDOR_NUMBER, EXPDISTRECORDS.INVOICE_NUMBER
	]]>
	</insert>

	<update id="updateChargebackExportorNot" parameterClass="String">
		UPDATE
		${db.schema.name}.CBK_CHARGEBACK INNER JOIN
		${db.schema.name}.EXPNOTEXPORTED ON
		(CBK_CHARGEBACK.INVOICE_NUMBER=${db.schema.name}.EXPNOTEXPORTED.INVOICE_NUMBER)
		AND
		(CBK_CHARGEBACK.LOCATION_NUMBER=${db.schema.name}.EXPNOTEXPORTED.LOCATION_NUMBER)
		SET CBK_CHARGEBACK.EXPORTED = #exportedStatus#

	</update>


	<delete id="deleteExpType">
		DELETE FROM ${db.schema.name}.EXPTYPE
	</delete>

	<delete id="deleteExpReasons">
		DELETE FROM ${db.schema.name}.EXPREASONS
	</delete>

	<delete id="deleteExpAvailableExports">
		DELETE FROM ${db.schema.name}.EXPAVAILABLEEXPORTS
	</delete>

	<delete id="deleteExpChargeback">
		DELETE FROM ${db.schema.name}.EXPCHARGEBACK
	</delete>

	<delete id="deleteExpDistribution">
		DELETE FROM ${db.schema.name}.EXPDISTRIBUTION
	</delete>
	<delete id="deleteExpItem">
		DELETE FROM ${db.schema.name}.EXPITEM
	</delete>

	<delete id="deleteExpApprovals">
		DELETE FROM ${db.schema.name}.EXPAPPROVALS
	</delete>

	<delete id="deleteExpDistRecords">
		DELETE FROM ${db.schema.name}.EXPDISTRECORDS
	</delete>

	<delete id="deleteExpDetailTemp">
		DELETE FROM ${db.schema.name}.EXPDETAIL_TEMP
	</delete>

	<delete id="deleteExpNotExported">
		DELETE FROM ${db.schema.name}.EXPNOTEXPORTED
	</delete>

	<delete id="deleteExpCviInvExport">
		DELETE FROM ${db.schema.name}.EXPCVIINVEXPORT
	</delete>

	<delete id="deleteExpFundsRecords">
		DELETE FROM ${db.schema.name}.EXPFUNDSRECORDS
	</delete>




	<delete id="deleteExpCvdDistExport">
		DELETE FROM ${db.schema.name}.EXPCVDDISTEXPORT
	</delete>

	

	<delete id="deleteExpCviInvExportTemp">
		DELETE FROM ${db.schema.name}.EXPCVIINVEXPORT_TEMP
	</delete>

	<delete id="deleteExpDetail">
		DELETE FROM ${db.schema.name}.EXPDETAIL
	</delete>

	<delete id="deleteExportHeader">
		DELETE FROM ${db.schema.name}.EXPEXPORTHEADER
	</delete>

	<delete id="deleteExpExportDetails">
		DELETE FROM ${db.schema.name}.EXPEXPORTDETAILS
	</delete>

	<delete id="deleteExpHeader">
		DELETE FROM ${db.schema.name}.EXPHEADER
	</delete>

	<delete id="deleteExpReasons1">
		DELETE FROM ${db.schema.name}.EXPREASONS1
	</delete>



	<!-- sudeep given queries -->


	<insert id="qryAppendDetailFood">
	<![CDATA[ 
		
		INSERT INTO ${db.schema.name}.expDetail ( LocationNumber, APVendorNumber, DocumentNumber, ItemCode, UPC, AdjustID, ItemDesc, ItemPack, ItemSize, AdjustmentAmount, AdjustQty, AdjustUnitCharge, PONumber )
		SELECT SUBSTR(TO_CHAR(LOCATION_NUMBER,'000000'),3) AS Loc, TO_CHAR(SUBSTR(Vendor_Number,7),'0000000') AS Vend, lpad(NVL(INVOICE_NUMBER,''),22,'') AS DocNbr, 
		(case when NVL(ITEM_NUMBER, 0) <> 0 then TO_CHAR(NVL(ITEM_NUMBER,0),'000000000') else '000000000' end) AS ItemCode, 
		(case when NVL(ITEM_UPC, 0) <> 0 then TO_CHAR(NVL(ITEM_UPC,0),'00000000000000000') else LPAD(NVL(ITEM_UPC,''),17,'')end) AS UPC, 
		(case when CREDIT = -1 then 'C' else 'D' end) AS DrDb, LPAD(ITEM_DESCRIPTION,30,'') AS Descrip,
		TO_CHAR(NVL(Item_Pack,0),'00000') AS Pack, 
		LPAD(NVL(Item_Size,''),10,'') AS "Size", 
		TO_CHAR(NVL(ITEM_QUANTITY,0)*NVL(Item_Price,0)*100,'000000000') AS Total, TO_CHAR(NVL(ITEM_QUANTITY,0)*100,'0000000') AS Qty, 
		TO_CHAR(NVL(Item_Price,0)*10000,'000000000') AS Chg,
		lpad(NVL(REFNUM,''),10,'')  AS PO
		FROM ${db.schema.name}.expType INNER JOIN ${db.schema.name}.expDetail_temp ON expType.TYPE_ID = expDetail_temp.TYPE_ID
		WHERE (((expType.VENDOR_REQUIRED)=1) AND ((expType.UPLOAD_FOOD)=1))
	]]>
	</insert>


	<insert id="qryAppendHeaderFood">
	<![CDATA[
		INSERT INTO ${db.schema.name}.expHeader ( LocationNumber, APVendorNumber, DocumentNumber, DocumentDate, DocumentAmountID, DocumentDueDate, DocumentAmount, AttachmentFlag, DocumentComment, Location_Center_Number, Creator_ID, PONumber )
		SELECT SUBSTR(TO_CHAR(expdetail_temp.LOCATION_NUMBER,'000000'),3) AS Loc, TO_CHAR(SUBSTR(Vendor_Number,7),'0000000') AS Vend, 
		lpad(NVL(expdetail_temp.INVOICE_NUMBER,''),22,'') AS DocNbr, TO_CHAR(INVOICE_DATE,'yyyymmdd') AS InvDate, 
		(case when CREDIT = -1 then 'C' else 'D' end) AS DrDb, 
		TO_CHAR(DUE_DATE,'yyyymmdd') AS Due, TO_CHAR(Sum(Item_Quantity * Item_Price)*100,'00000000000') AS TotalAmt, 
		(CASE when Attachment = -1 then 'A' When Attachment = 0 then 'N' else 'I' end) AS Att, LPAD(NVL(SHORT_DESC,''),80,'') AS Descrip, TO_CHAR(expDetail_Temp.Location_Number,'000000') AS FullLoc,
		(CASE when (Length(NVL(CREATOR_ID,'')))>30 then SUBSTR(Creator_ID,30) else LPAD(NVL(Creator_ID,''),30,'') end) AS Creator, 
		LPAD(NVL(REFNUM,''),10,'') AS PO
		FROM ${db.schema.name}.expnotexported INNER JOIN (${db.schema.name}.expDetail_Temp INNER JOIN ${db.schema.name}.exptype ON expDetail_Temp.TYPE_ID = exptype.TYPE_ID) ON (expnotexported.INVOICE_NUMBER = expDetail_Temp.INVOICE_NUMBER) AND (expnotexported.LOCATION_NUMBER = expDetail_Temp.LOCATION_NUMBER)
		WHERE (((exptype.VENDOR_REQUIRED)=1) AND ((exptype.UPLOAD_FOOD)=1))
		GROUP BY SUBSTR(TO_CHAR(expDetail_Temp.LOCATION_NUMBER,'000000'),3), TO_CHAR(SUBSTR(Vendor_Number,7),'0000000'), 
		LPAD(NVL(expDetail_Temp.Invoice_Number,''), 22,''), TO_CHAR(INVOICE_DATE,'yyyymmdd'), 
		(case when CREDIT = -1 then 'C' else 'D' end), TO_CHAR(DUE_DATE,'yyyymmdd'), (CASE when Attachment= -1 then 'A' When Attachment = 0 then 'N' else 'I' end), LPAD(NVL(SHORT_DESC,''),80,''), 
		TO_CHAR(expDetail_Temp.Location_Number,'000000'), (CASE when (Length(NVL(CREATOR_ID,'')))>30 then SUBSTR(Creator_ID,30) else LPAD(NVL(Creator_ID,''),30,'') end), 
		lpad(NVL(REFNUM,''),10,'')
	]]>
	</insert>



	<insert id="qryAppendExportHeader">
	<![CDATA[

		INSERT INTO ${db.schema.name}.expExportHeader ( Number_Cases, DC_Number, Warehouse_Number )
		SELECT TO_CHAR(Sum(ITEM_QUANTITY),'00000') AS Expr1, 
		(CASE WHEN SUBSTR(Location_Number,2) = '19' THEN '18' ELSE SUBSTR(Location_Number,2) END) AS Expr7, 
		(CASE WHEN SUBSTR(Location_Number,2) = '19' THEN '1' ELSE '0' END) AS Expr8
		FROM ${db.schema.name}.EXPDetail_TEMP INNER JOIN ${db.schema.name}.expType ON EXPDetail_TEMP.TYPE_ID = expType.TYPE_ID
		WHERE (((expType.UPLOAD_FOOD)=1) AND ((expDetail_TEMP.ITEM_NUMBER) Is Not Null))
		GROUP BY (CASE WHEN SUBSTR(Location_Number,2) = '19' THEN '18' ELSE SUBSTR(Location_Number,2)end), (CASE WHEN SUBSTR(Location_Number,2) = '19' THEN '1' ELSE '0' END);

	]]>
	</insert>



	<insert id="qryAppendExportDetail">
	<![CDATA[
		INSERT INTO ${db.schema.name}.expExportDetails ( Invoice_Number, InvoiceDate, VendorNumber, Item_Code, Item_Quantity, Unit_Cell, Warehouse_Number, DC )
		SELECT lpad(NVL(INVOICE_NUMBER,''),8,'') AS Expr1, TO_CHAR(INVOICE_DATE,'mmddyy') AS Expr2, 
		(CASE when LENGTH(Vendor_Number) = 7 THEN Vendor_Number || '00' ELSE TO_CHAR(Vendor_Number,'000000000') END) AS Expr3, TO_CHAR(ITEM_NUMBER,'0000000') AS Expr4, 
		TO_CHAR(ITEM_QUANTITY,'00000') AS Expr5, TO_CHAR(ROUND(ITEM_PRICE*10000),'0000000000') AS Expr6,
		(CASE WHEN SUBSTR(Location_Number,2) = '19' THEN '1' ELSE '0' END)  AS Expr7, 
		(CASE WHEN SUBSTR(Location_Number,2) = '19' THEN '18' ELSE SUBSTR(Location_Number,2) END) AS Expr8
		FROM ${db.schema.name}.expDetail_temp INNER JOIN ${db.schema.name}.expType ON expDetail_temp.TYPE_ID = expType.TYPE_ID
		WHERE (((expDetail_temp.ITEM_NUMBER) Is Not Null) AND ((expType.UPLOAD_FOOD)=1))

	]]>
	</insert>


	<insert id="qryAppendDetailAP">
	<![CDATA[
		INSERT INTO ${db.schema.name}.expDetail ( LocationNumber, APVendorNumber, DocumentNumber, ItemCode, UPC, AdjustID, ItemDesc, ItemPack, ItemSize, AdjustmentAmount, AdjustQty, AdjustUnitCharge, PONumber )
		SELECT SUBSTR(TO_CHAR(LOCATION_NUMBER,'000000'),3) AS Loc, TO_CHAR(SUBSTR(Vendor_Number,7),'0000000') AS Vend, 
		lpad(NVL(INVOICE_NUMBER,''),22,'') AS DocNbr, 
		(case when LENGTH(ITEM_NUMBER) > 0 then TO_CHAR(NVL(ITEM_NUMBER,0),'000000000') else '000000000' end) AS ItemCode, 
		(case when LENGTH(ITEM_UPC) > 0 then TO_CHAR(NVL(ITEM_UPC,0),'00000000000000000') else LPAD(NVL(ITEM_UPC,''),17,'')end) AS UPC, 
		(case when CREDIT = -1 then 'C' else 'D' end) AS DrDb, LPAD(ITEM_DESCRIPTION,30,'') AS Descrip, 
		TO_CHAR(NVL(Item_Pack,0),'00000') AS Pack, LPAD(NVL(Item_Size,''),10,'') AS "Size", TO_CHAR(NVL(ITEM_QUANTITY,0)*NVL(Item_Price,0)*100,'000000000') AS Total, 
		TO_CHAR(NVL(ITEM_QUANTITY,0)*100,'0000000') AS Qty, TO_CHAR(NVL(Item_Price,0)*10000,'000000000') AS Chg, lpad(NVL(REFNUM,''),10,'') AS PO
		FROM ${db.schema.name}.expType INNER JOIN ${db.schema.name}.expDetail_temp ON expType.TYPE_ID = expDetail_temp.TYPE_ID
		WHERE (((expType.VENDOR_REQUIRED)=1));
		]]>
	</insert>

	<insert id="qryAppendHeaderAP">
	<![CDATA[
			INSERT INTO ${db.schema.name}.expHeader ( LocationNumber, APVendorNumber, DocumentNumber, DocumentDate, DocumentAmountID, DocumentDueDate, DocumentAmount, AttachmentFlag, DocumentComment, Location_Center_Number, Creator_ID, PONumber )
		SELECT SUBSTR(TO_CHAR(expdetail_temp.LOCATION_NUMBER,'000000'),3) AS Loc, TO_CHAR(SUBSTR(Vendor_Number,7),'0000000') AS Vend, 
		lpad(NVL(expdetail_temp.INVOICE_NUMBER,''),22,'') AS DocNbr, TO_CHAR(INVOICE_DATE,'yyyymmdd') AS InvDate, 
		(case when CREDIT = -1 then 'C' else 'D' end) AS DrDb,  
		TO_CHAR(DUE_DATE,'yyyymmdd') AS Due, TO_CHAR(Sum(Item_Quantity * Item_Price)*100,'00000000000') AS TotalAmt, 
		(CASE when Attachment = -1 then 'A' When Attachment = 0 then 'N' else 'I' end) AS Att,
		LPAD(NVL(SHORT_DESC,''),80,'') AS Descrip, TO_CHAR(expDetail_Temp.Location_Number,'000000') AS FullLoc,
		(CASE when (Length(NVL(CREATOR_ID,'')))>30 then SUBSTR(Creator_ID,30) else LPAD(NVL(Creator_ID,''),30,'') end) AS Creator,
		LPAD(NVL(REFNUM,''),10,'') AS PO
		FROM ${db.schema.name}.expDetail_temp INNER JOIN ${db.schema.name}.expType ON expDetail_temp.TYPE_ID = expType.TYPE_ID
		WHERE (((expType.VENDOR_REQUIRED)=1))
		GROUP BY SUBSTR(TO_CHAR(expdetail_temp.LOCATION_NUMBER,'000000'),3), TO_CHAR(SUBSTR(Vendor_Number,7),'0000000'), 
		lpad(NVL(expdetail_temp.INVOICE_NUMBER,''),22,''), TO_CHAR(INVOICE_DATE,'yyyymmdd'), 
		(case when CREDIT = -1 then 'C' else 'D' end), TO_CHAR(DUE_DATE,'yyyymmdd') , 
		(CASE when Attachment = -1 then 'A' When Attachment = 0 then 'N' else 'I' end), LPAD(NVL(SHORT_DESC,''),80,''), 
		TO_CHAR(expDetail_Temp.Location_Number,'000000'), (CASE when (Length(NVL(CREATOR_ID,'')))>30 then SUBSTR(Creator_ID,30) else LPAD(NVL(Creator_ID,''),30,'') end), 
		lpad(NVL(REFNUM,''),10,'')
	]]>
	</insert>



	<insert id="qryAppendDetailFunds">
	<![CDATA[

		INSERT INTO ${db.schema.name}.expFundsRecords ( REGION, DIVISION, VENDOR_NUMBER, SUBFUND, LAST_APPROVAL_DATE, INVOICE_NUMBER, SHORT_DESC, AMOUNT )
		SELECT DISTINCT TO_CHAR(NVL(EXPItem.REGION,'066'),'000') AS ItmRegion, TO_CHAR(NVL(EXPItem.DIVISION,'00'),'00') AS ItmDivision, 
		TO_CHAR(EXPDetail_TEMP.VENDOR_NUMBER,'000000000') AS VenNum, TO_CHAR(NVL(EXPItem.SUBFUND,'000'),'000') AS FundNum, 
		TO_CHAR(A.LAST_APPROVAL_DATE,'mmddyy') AS ApprovalDt, 
		(CASE WHEN LENGTH(EXPDetail_TEMP.INVOICE_NUMBER)>11 THEN SUBSTR(EXPDetail_TEMP.INVOICE_NUMBER,11) ELSE lpad(NVL(expdetail_temp.INVOICE_NUMBER,''),11,'') END) AS InvNum, 
		(CASE WHEN LENGTH(EXPDetail_TEMP.SHORT_DESC)>30 THEN SUBSTR(EXPDetail_TEMP.SHORT_DESC,30) ELSE lpad(NVL(expdetail_temp.SHORT_DESC,''),30,'') END) AS Descr, 
		(CASE WHEN EXPDetail_TEMP.TYPE_ID = 6 THEN '-' ELSE ' ' END) + SUBSTR(TO_CHAR((EXPItem.ITEM_PRICE*EXPItem.ITEM_QUANTITY),'000000000.00'),9) 
		+ SUBSTR(TO_CHAR((EXPItem.ITEM_PRICE*EXPItem.ITEM_QUANTITY),'000000000.00'),LENGTH(TO_CHAR((EXPItem.ITEM_PRICE*EXPItem.ITEM_QUANTITY),'000000000.00'))-2+1,2) AS AMOUNT
		FROM (${db.schema.name}.expDetail_temp INNER JOIN ${db.schema.name}.expItem ON (expDetail_temp.LOCATION_NUMBER = expItem.LOCATION_NUMBER) AND (expDetail_temp.INVOICE_NUMBER = expItem.INVOICE_NUMBER)) 
		INNER JOIN (SELECT INVOICE_NUMBER, LOCATION_NUMBER, MAX(APPROVAL_DATE) LAST_APPROVAL_DATE FROM ${db.schema.name}.expApprovals GROUP BY INVOICE_NUMBER, LOCATION_NUMBER)   A 
		ON (expDetail_temp.LOCATION_NUMBER = A.LOCATION_NUMBER) AND (expDetail_temp.INVOICE_NUMBER = A.INVOICE_NUMBER)
		WHERE (((expDetail_temp.TYPE_ID) In (5,6)))
	]]>
	</insert>




	<insert id="qryMovetblInvoiceToTemp">
	<![CDATA[
		INSERT INTO ${db.schema.name}.expCVIInvExport_Temp ( CVI_Company, CVI_Vendor, CVI_EDI_NBR, CVI_INVOICE, CVI_Suffix, CVI_Batch_Num, CVI_Voucher_NBR, CVI_Auth_Code, CVI_Proc_Level, 
		CVI_Accr_Code, CVI_Invoice_Type, CVI_Inv_Currency, CVI_Invoice_Dte, CVI_Purch_Fr_Loc, CVI_PO_Number, CVI_PO_Release, CVI_PO_Code, CVI_Description, CVI_Base_Inv_Amt, 
		CVI_Tran_Inv_Amt, CVI_Tran_Alow_Amt, CVI_Tran_Txbl_Amt, CVI_Tran_Tax_Amt, CVI_Tran_Disc_Amt, CVi_Orig_Cnv_Rate, CVI_Discount_Rt, DVI_Disc_Date, CVI_Due_Date, CVI_Nbr_Recur_Pmt, 
		CVI_Recur_Freq, CVI_Remit_To_Code, CVI_Cash_Code, CVI_Sep_Chk_Flag, CVI_Pay_Imm_Flag, CVI_Enclosure, CVI_Tax_Code, CVI_Income_Code, CVI_Hld_Code, CVI_Dist_Code, CVI_Term_Code, 
		CVI_Rec_Status, CVI_Posting_Status, CVI_Distrib_Date, CVI_Pay_Vendor, CVI_Bank_Inst_Code, CBI_Invoice_Group, CVI_Discount_Code, CVI_Invoice_Source, CVI_Inv_Ref_type, CVI_Approved_Flag, 
		CVI_Inv_Usr_Fld_1, CVI_Inv_Usr_Fld_2, CVI_Inv_Usr_Fld_3, CVI_Inv_Usr_Fld_4, CVI_Inv_Usr_Fld_5, CVI_Rcpt_Inv_Date, CVI_Reason_Code, CVI_Retail_Amount, Barcode )
		SELECT expCVIInvExport.CVI_Company, expCVIInvExport.CVI_Vendor, expCVIInvExport.CVI_EDI_NBR, 
		Trim(SUBSTR(expCVIInvExport.CVI_Invoice,2,Length(expCVIInvExport.CVI_Invoice)-2)) AS Expr1,
		expCVIInvExport.CVI_Suffix, expCVIInvExport.CVI_Batch_Num, expCVIInvExport.CVI_Voucher_NBR, expCVIInvExport.CVI_Auth_Code, 
		Trim(SUBSTR(expCVIInvExport.CVI_Proc_Level,2,Length(expCVIInvExport.CVI_Proc_Level)-2)) AS Expr2,
		expCVIInvExport.CVI_Accr_Code, expCVIInvExport.CVI_Invoice_Type, expCVIInvExport.CVI_Inv_Currency, expCVIInvExport.CVI_Invoice_Dte, expCVIInvExport.CVI_Purch_Fr_Loc, 
		expCVIInvExport.CVI_PO_Number, expCVIInvExport.CVI_PO_Release, expCVIInvExport.CVI_PO_Code, expCVIInvExport.CVI_Description, expCVIInvExport.CVI_Base_Inv_Amt, 
		expCVIInvExport.CVI_Tran_Inv_Amt, expCVIInvExport.CVI_Tran_Alow_Amt, expCVIInvExport.CVI_Tran_Txbl_Amt, expCVIInvExport.CVI_Tran_Tax_Amt, expCVIInvExport.CVI_Tran_Disc_Amt, 
		expCVIInvExport.CVi_Orig_Cnv_Rate, expCVIInvExport.CVI_Discount_Rt, expCVIInvExport.DVI_Disc_Date, expCVIInvExport.CVI_Due_Date, expCVIInvExport.CVI_Nbr_Recur_Pmt, 
		expCVIInvExport.CVI_Recur_Freq, expCVIInvExport.CVI_Remit_To_Code, expCVIInvExport.CVI_Cash_Code, expCVIInvExport.CVI_Sep_Chk_Flag, expCVIInvExport.CVI_Pay_Imm_Flag, 
		expCVIInvExport.CVI_Enclosure, expCVIInvExport.CVI_Tax_Code, expCVIInvExport.CVI_Income_Code, expCVIInvExport.CVI_Hld_Code, expCVIInvExport.CVI_Dist_Code, expCVIInvExport.CVI_Term_Code,
		expCVIInvExport.CVI_Rec_Status, expCVIInvExport.CVI_Posting_Status, expCVIInvExport.CVI_Distrib_Date, expCVIInvExport.CVI_Pay_Vendor, expCVIInvExport.CVI_Bank_Inst_Code, 
		expCVIInvExport.CBI_Invoice_Group, expCVIInvExport.CVI_Discount_Code, expCVIInvExport.CVI_Invoice_Source, expCVIInvExport.CVI_Inv_Ref_type, expCVIInvExport.CVI_Approved_Flag, 
		expCVIInvExport.CVI_Inv_Usr_Fld_1, expCVIInvExport.CVI_Inv_Usr_Fld_2, expCVIInvExport.CVI_Inv_Usr_Fld_3, expCVIInvExport.CVI_Inv_Usr_Fld_4, expCVIInvExport.CVI_Inv_Usr_Fld_5, 
		expCVIInvExport.CVI_Rcpt_Inv_Date, expCVIInvExport.CVI_Reason_Code, expCVIInvExport.CVI_Retail_Amount, expCVIInvExport.Barcode
		FROM ${db.schema.name}.expCVIInvExport;
			
	]]>
	</insert>



	<insert id="qryAppendDistributionLawson">
	<![CDATA[
		INSERT INTO ${db.schema.name}.expCVDDistExport ( CVD_Dis_Acct_Unit, CVD_Dis_Account, CVD_Vendor, CVD_Invoice, CVD_Orig_Tran_Amount )
		SELECT TO_CHAR(DIST_LOC_NUMBER,'000000') || TO_CHAR(PRODUCT_GROUP,'000') AS AcctUnit, TO_CHAR(Account_Number,'000000') AS DistAcct, 
		TO_CHAR((CASE WHEN LENGTH(VENDOR_NUMBER) > 7 THEN SUBSTR(VENDOR_NUMBER,7) ELSE TO_CHAR(Vendor_Number,'0000000') END)) AS Vend, 
		INVOICE_NUMBER AS Inv, (case when CREDIT = -1 then 'C' else 'D' end) || TO_CHAR(Distribution_Amount,'99999990.00') AS InvAmt
		FROM ${db.schema.name}.expType INNER JOIN ${db.schema.name}.expDistRecords ON expType.TYPE_ID = expDistRecords.TYPE_ID
		WHERE (((expType.UPLOAD_AP)=1))
		ORDER BY expDistRecords.VENDOR_NUMBER, expDistRecords.INVOICE_NUMBER


	]]>
	</insert>

	<!-- Issue with group by expression -->

	<insert id="insertExpCVIInvExport">
	<![CDATA[
	
		INSERT INTO ${db.schema.name}.expCVIInvExport ( CVI_Proc_Level, CVI_Vendor, CVI_Invoice, CVI_Invoice_Dte, CVI_Tran_Inv_Amt, CVI_Invoice_Type, CVI_Description, Barcode, CVI_Due_Date, CVI_Reason_Code, CVI_Inv_Usr_Fld_3 )
		SELECT LOCATION_NUMBER AS InvProc, TO_CHAR((CASE WHEN LENGTH(VENDOR_NUMBER) > 7 THEN SUBSTR(VENDOR_NUMBER,7) ELSE TO_CHAR(Vendor_Number,'0000000') END)) AS Vend,
		INVOICE_NUMBER AS Inv, TO_CHAR(INVOICE_DATE,'yyyymmdd') AS InvDate,
		(case when CREDIT = -1 then 'C' else 'D' end) || TO_CHAR(Distribution_Amount,'99999990.00') AS InvAmt, 
		(case when SUM(CREDIT) = -1 then 'D' else 'C' end) AS InvType,
		SUBSTR(NVL(SHORT_DESC,''),28) AS InvDesc, 
		expDistRecords.BARCODE, TO_CHAR(DUE_DATE,'yyyymmdd') AS DUE,
		(CASE WHEN NVL(EDI_CODE,Null) = NULL THEN NULL ELSE EDI_CODE END) AS Expr1, 
		(CASE WHEN NVL(ProdCode,Null)= NULL THEN NULL ELSE ProdCode END) AS Expr2
		FROM (${db.schema.name}.expDistRecords LEFT JOIN ${db.schema.name}.expReasons ON expDistRecords.ReasonCode = expReasons.REASON_CODE) INNER JOIN ${db.schema.name}.expType ON expDistRecords.TYPE_ID = expType.TYPE_ID
		WHERE (((expType.UPLOAD_AP)=1))
		GROUP BY LOCATION_NUMBER, TO_CHAR((CASE WHEN LENGTH(VENDOR_NUMBER) > 7 THEN SUBSTR(VENDOR_NUMBER,7) ELSE TO_CHAR(Vendor_Number,'0000000') END)),
		INVOICE_NUMBER, TO_CHAR(INVOICE_DATE,'yyyymmdd'), SUBSTR(NVL(SHORT_DESC,''),28), expDistRecords.BARCODE, TO_CHAR(DUE_DATE,'yyyymmdd'), 
		(CASE WHEN NVL(EDI_CODE,Null) = NULL THEN NULL ELSE EDI_CODE END), (CASE WHEN NVL(ProdCode,Null)= NULL THEN NULL ELSE ProdCode END), 10, expDistRecords.VENDOR_NUMBER,
		expDistRecords.INVOICE_NUMBER
		ORDER BY expDistRecords.VENDOR_NUMBER, expDistRecords.INVOICE_NUMBER

	]]>
	</insert>


</sqlMap>