<?xml version="1.0" encoding="UTF-8"?>
<!DOCTYPE sqlMap PUBLIC "-//ibatis.apache.org//DTD SQL Map 2.0//EN" "sql-map-2.dtd">

<sqlMap namespace="ChargebackCreate"> 

	<!-- Cache models -->
    <cacheModel id="count-cache" type="LRU">
    	<flushInterval minutes="10" />
    	<property name="size" value="50" />
    </cacheModel> 
    
	<!-- Aliases for Java primitive wrapper objects -->
    <typeAlias alias="Integer" type="java.lang.Integer"/>
    <typeAlias alias="String" type="java.lang.String"/>
    <typeAlias alias="Map" type="java.util.Map"/>

	<!-- Aliases for business objects -->
   <typeAlias alias="ChargebackBO" type="com.unfi.cbk.bo.ChargebackBO"/>
 
  <resultMap id="subFunds-result" class="ChargebackBO">
  		<result property="subFundNumber" column="subFundNumber"/>
   </resultMap>
   
   <resultMap id="getItemInfo-result" class="ChargebackBO">
	<!-- 	<result property="locationNumber" column="locationNumber" />
		<result property="invoiceNumber" column="invoiceNumber" /> -->
<!-- 		<result property="dcNumber" column="dcNumber" /> 
		<result property="itemNumber" column="itemNumber" />-->
		<result property="prdGrpCode" column="prdGrpCode" />
		<result property="itemPack" column="itemPack" />
		<result property="itemSize" column="itemSize" />
		<result property="itemDesc" column="itemDesc" />
		<result property="itemUpc" column="itemUpc" />
		<result property="itemSlot" column="itemSlot" />
		<!-- <result property="division" column="division" />
		<result property="region" column="region" />
		<result property="subFund" column="subFund" />
		 -->
		<!-- <result property="type" column="type"/> -->
	</resultMap>
   
    <select id="getSubFunds"  resultMap="subFunds-result">
 		SELECT distinct s.SF_SUB_FUND_NBR subFundNumber
		FROM  ${db.schema.name2}.SUB_FUND s
	</select>
	
	
	<select id="getItemInfo" parameterClass="Map"  resultMap="getItemInfo-result">
			
		SELECT PI_ITM_PCK_QTY itemPack, PI_SIZE_TXT itemSize, PI_ITM_DESC itemDesc, CONCAT(PI_POS_MFG_ID,PI_POS_CASE_ID) itemUpc, PI_PROD_GRP_CD prdGrpCode, PI_SLT_ID itemSlot
		FROM ${db.schema.name2}.V1_CBK_ITM WHERE PI_PC_NBR = #dcNumber# AND PI_ITM_CD = #itemNum#
		
	</select>
	
	 <select id="validateRegionWithoutDivision" parameterClass="Map"  resultMap="subFunds-result">
			
		SELECT DISTINCT sf.SF_SUB_FUND_NBR subFundNumber FROM ${db.schema.name2}.SUB_FUND sf
		INNER JOIN ${db.schema.name2}.REGION ON ${db.schema.name2}.SUB_FUND.SF_RGN_LOC_KEY = ${db.schema.name2}.REGION.RGN_LOCATION_KEY  
		WHERE (((sf.SF_FUND_TYP_CD)='V') AND ((${db.schema.name2}.REGION.RGN_NBR)= #region#) AND ((sf.SF_PC_LOC_KEY) Is Null)
		AND ((sf.SF_FUND_ID)= #vendorId#))
		
	</select>
	
	<select id="validateRegionWithDivision" parameterClass="Map"  resultMap="subFunds-result">
			
		
		
		SELECT DISTINCT sf.SF_SUB_FUND_NBR subFundNumber FROM ${db.schema.name2}.SUB_FUND sf
		INNER JOIN ${db.schema.name2}.REGION ON ${db.schema.name2}.SUB_FUND.SF_RGN_LOC_KEY = ${db.schema.name2}.REGION.RGN_LOCATION_KEY
		INNER JOIN ${db.schema.name2}.PROFIT_CENTER ON ${db.schema.name2}.SUB_FUND.SF_PC_LOC_KEY = ${db.schema.name2}.PROFIT_CENTER.PC_LOCATION_KEY 
		WHERE ((sf.SF_FUND_TYP_CD='V') AND (${db.schema.name2}.REGION.RGN_NBR= #region#) AND ((${db.schema.name2}.PROFIT_CENTER.PC_NBR)= #division#)
		AND (sf.SF_FUND_ID)= #vendorId#)
		
		
	</select> 
	
  			
</sqlMap>