<?xml version="1.0" encoding="UTF-8"?>
<!DOCTYPE sqlMap PUBLIC "-//ibatis.apache.org//DTD SQL Map 2.0//EN" "sql-map-2.dtd">

<sqlMap namespace="ChargebackSearch">

	<!-- Aliases for Java primitive wrapper objects -->
	<typeAlias alias="Integer" type="java.lang.Integer" />
	<typeAlias alias="String" type="java.lang.String" />
	<typeAlias alias="Map" type="java.util.Map" />

	<!-- Aliases for business objects -->
	<typeAlias alias="ChargebackBO"
		type="com.unfi.cbk.bo.ChargebackBO" />


	<!-- Aliases for CreateNewUserBO -->
	<typeAlias alias="CreateNewUserBO"
		type="com.unfi.cbk.bo.CreateNewUserBO" />

	<resultMap id="getRolesByUserForMenu-result" class="String">
		<result property="defForm" column="defForm" />
	</resultMap>


	<!-- Result mappings -->




	<resultMap id="getAvailableInvoiceNumber-result"
		class="ChargebackBO">
		<result property="invoiceNumber" column="invoiceNumber" />
	</resultMap>


	<resultMap id="getNextInvoceNumberOrBarcode-result"
		class="ChargebackBO">
		<result property="locationNumber" column="locationNumber" />
		<result property="invoiceNumber" column="invoiceNumber" />
	</resultMap>

	<resultMap id="massApproval-result" class="ChargebackBO">
		<result property="locationNumber" column="locationNumber" />
		<result property="invoiceDate" column="invoiceDate" />
		<result property="vendorId" column="vendorId" />
		<result property="invoiceNumber" column="invoiceNumber" />
		<result property="originator" column="originator" />
		<result property="originalApprover" column="originalApprover" />
		<result property="massAppNetAmount" column="massAppNetAmount" />
		<!-- <result property="fin" column="fin"/> <result property="ca" column="ca"/> -->
	</resultMap>

	<resultMap id="chargebackSearch-result" class="ChargebackBO">
		<result property="locationNumber" column="locationNumber" />
		<result property="invoiceDate" column="invoiceDate" />
		<result property="vendorId" column="vendorId" />
		<result property="invoiceNumber" column="invoiceNumber" />
		<result property="originator" column="originator" />
		<result property="approver" column="approver" />
		<result property="netAmount" column="netAmount" />
		<result property="fin" column="fin" />
		<result property="ca" column="ca" />
		<result property="originalApprover" column="originalApprover" />
	</resultMap>
	
	<resultMap id="availableChargebackSearch-result"
              class="ChargebackBO">

              <result property="locationNumber" column="locationNumber" />
              <result property="invoiceDate" column="invoiceDate" />
              <result property="vendorId" column="vendorId" />
              <result property="invoiceNumber" column="invoiceNumber" />
              <result property="originator" column="originator" />
              <!-- <result property="originalApprover" column="originalApprover" /> -->
              <result property="netAmount" column="netAmount" />
              <result property="stepNumber" column="stepNumber" /> 
              <result property="typeId" column="typeId" />
              <result property="approver" column="approver" /> 
              <!-- <result property="type" column="type"/> -->
       </resultMap>
	

	<resultMap id="getChargeback-result" class="ChargebackBO">
		<result property="locationNumber" column="locationNumber" />
		<result property="invoiceDate" column="invoiceDate" />
		<result property="dueDate" column="dueDate" />
		<result property="vendorId" column="vendorId" />
		<result property="invoiceNumber" column="invoiceNumber" />
		<result property="creatorId" column="creatorId" />
		<result property="approver" column="approver" />
		<result property="barCode" column="barCode" />
		<result property="typeId" column="typeId" />
		<result property="creatorId" column="creatorId" />
		<result property="reasonCode" column="reasonCode" />
		<result property="prdGrpCode" column="prdGrpCode" />
		<result property="referenceNumber" column="referenceNumber" />
		<result property="shortDesc" column="shortDesc" />
		<result property="attachment" column="attachment" />
		<result property="exported" column="exported" />
		<result property="cancelled" column="cancelled" />
		<result property="interInstr" column="interInstr" />
		<result property="inProcess" column="inProcess" />
	</resultMap>

	<resultMap id="cbkApproverSearch-result" class="ChargebackBO">
		<result property="approverName" column="approverName" />
		<result property="approverId" column="approverId" />
		<result property="stepNumber" column="stepNumber" />
	</resultMap>


	<resultMap id="getApproverStepsUp-result" class="Integer">
		<result property="roleId" column="roleId" />
	</resultMap>

	<resultMap id="getApproverStepsDown-result" class="Integer">
		<result property="roleId" column="roleId" />
	</resultMap>




	<resultMap id="getChargebackDetail-result"
		class="ChargebackBO">

		<result property="locationNumber" column="locationNumber" />
		<result property="invoiceDate" column="invoiceDate" />
		<result property="dueDate" column="dueDate" />
		<result property="vendorId" column="vendorId" />
		<result property="invoiceNumber" column="invoiceNumber" />
		<result property="originator" column="originator" />
		<result property="approver" column="approver" />
		<result property="netAmount" column="netAmount" />
		<result property="typeName" column="typeName" />
		<result property="creatorId" column="creatorId" />
		<result property="reasonCode" column="reasonCode" />
		<result property="prdGrpCode" column="prdGrpCode" />
		<result property="referenceNumber" column="referenceNumber" />
		<result property="shortDesc" column="shortDesc" />
		<result property="vendorInvoice" column="vendorInvoice" />
		<!-- <result property="type" column="type"/> -->
	</resultMap>

	<resultMap id="getCbkDetTable-result" class="ChargebackBO">
		<result property="locationNumber" column="locationNumber" />
		<result property="invoiceNumber" column="invoiceNumber" />
		<result property="dcNumber" column="dcNumber" />
		<result property="itemNumber" column="itemNumber" />
		<result property="prdGrpCode" column="prdGrpCode" />
		<result property="itemPack" column="itemPack" />
		<result property="itemSize" column="itemSize" />
		<result property="itemDesc" column="itemDesc" />
		<result property="itemUpc" column="itemUpc" />
		<result property="itemSlot" column="itemSlot" />
		<result property="division" column="division" />
		<result property="region" column="region" />
		<result property="subFund" column="subFund" />
		<result property="itemQuantity" column="itemQuantity" />
		<result property="itemPriceFormat" column="itemPriceFormat" />
		<!-- <result property="type" column="type"/> -->
	</resultMap>


	<resultMap id="getChargebackDistribution-result"
		class="ChargebackBO">
		<result property="locationNumber" column="locationNumber" />
		<result property="invoiceNumber" column="invoiceNumber" />
		<result property="companyCode" column="companyCode" />
		<result property="accountNumber" column="accountNumber" />
		<result property="distributionAmt" column="distributionAmt" />
		<result property="distLocNumber" column="distLocNumber" />
		<result property="productGrp" column="productGrp" />
	</resultMap>

	<resultMap id="getApprovalRoles-result" class="ChargebackBO">

		<result property="locationNumber" column="locationNumber" />
		<result property="roleId" column="roleId" />
		<result property="roleDesc" column="roleDesc" />
		<result property="defForm" column="defForm" />
		<result property="approverId" column="approverId" />
	</resultMap>

	<resultMap id="createChargeback-result" class="ChargebackBO">

		<result property="locationNumber" column="locationNumber" />
		<result property="invoiceDate" column="invoiceDate" />
		<result property="dueDate" column="dueDate" />
		<result property="vendorId" column="vendorId" />
		<result property="invoiceNumber" column="invoiceNumber" />
		<result property="originator" column="originator" />
		<result property="approver" column="approver" />
		<result property="netAmount" column="netAmount" />
		<result property="typeName" column="typeName" />
		<result property="creatorId" column="creatorId" />
		<result property="reasonCode" column="reasonCode" />
		<result property="prdGrpCode" column="prdGrpCode" />
		<!-- <result property="type" column="type"/> -->
	</resultMap>

	<resultMap id="getChargebackDetailInfo-result" class="ChargebackBO">

		<result property="locationNumber" column="locationNumber" />
		<result property="invoiceDate" column="invoiceDate" />
		<result property="dueDate" column="dueDate" />
		<result property="vendorId" column="vendorId" />
		<result property="invoiceNumber" column="invoiceNumber" />
		<!-- <result property="originator" column="originator"/> <result property="netAmount" 
			column="netAmount"/> <result property="typeName" column="typeName"/> -->
		<result property="approver" column="approver" />
		<result property="creatorId" column="creatorId" />
		<result property="reasonCode" column="reasonCode" />
		<result property="referenceNumber" column="referenceNumber" />
		<result property="shortDesc" column="shortDesc" />
		<result property="vendorInvoice" column="vendorInvoice" />
		<result property="prdGrpCode" column="prdGrpCode" />
		<result property="typeId" column="typeId" />
		<result property="interInstr" column="interInstr" />
		<result property="typeName" column="typeName" />
		<result property="attachmentType" column="attachmentType" />
		<result property="creatorName" column="creatorName" />

	</resultMap>
	
	<resultMap id="getChargebackInfo-result" class="ChargebackBO">

		<result property="locationNumber" column="locationNumber" />
		<result property="invoiceDate" column="invoiceDate" />
		<result property="dueDate" column="dueDate" />
		<result property="vendorId" column="vendorId" />
		<result property="invoiceNumber" column="invoiceNumber" />
		<!-- <result property="originator" column="originator"/> <result property="netAmount" 
			column="netAmount"/> <result property="typeName" column="typeName"/> -->
		<result property="approver" column="approver" />
		<result property="creatorId" column="creatorId" />
		<result property="reasonCode" column="reasonCode" />
		<result property="referenceNumber" column="referenceNumber" />
		<result property="shortDesc" column="shortDesc" />
		<result property="vendorInvoice" column="vendorInvoice" />
		<result property="prdGrpCode" column="prdGrpCode" />
		<result property="typeId" column="typeId" />
		<result property="interInstr" column="interInstr" />
		<result property="typeName" column="typeName" />
		<result property="productGrp" column="productGrp" />
		<result property="attachmentType" column="attachmentType" />

	</resultMap>



	<resultMap id="roles-result" class="ChargebackBO">
		<result property="roleId" column="roleId" />
		<result property="role" column="role" />
	</resultMap>

	<resultMap id="locations-result" class="ChargebackBO">
		<result property="locationNumber" column="locationNumber" />
		<result property="locationName" column="locationName" />
	</resultMap>

	<resultMap id="locationsForCreateUser-result"
		class="ChargebackBO">
		<result property="locationNumber" column="locationNumber" />
	</resultMap>

	<resultMap id="userDetails-result" class="CreateNewUserBO">
		<result property="userId" column="userId" />
		<result property="userName" column="userName" />
		<result property="useremailId" column="useremailId" />
		<result property="status" column="status" />

	</resultMap>

	<!-- userRolesLocations-result -->
	<resultMap id="userRolesLocations-result"
		class="CreateNewUserBO">
		<result property="distRoles" column="roleId" />
		<result property="distLocNumber" column="locationNumber" />
	</resultMap>

	<resultMap class="ChargebackBO" id="roles-result">
		<result column="roleId" property="roleId" />
		<result column="role" property="role" />
	</resultMap>

	<resultMap class="ChargebackBO" id="userAssignedRoles-result">
		<result column="roleId" property="roleId" />
	</resultMap>

	<resultMap id="locationValidator-result" class="ChargebackBO">
		<result property="locationNumber" column="locationNumber" />
	</resultMap>

	<resultMap id="vendorValidator-result" class="ChargebackBO">
		<result property="vendorId" column="vendorId" />
	</resultMap>

	<resultMap id="originatorValidator-result"
		class="ChargebackBO">
		<result property="originator" column="originator" />
	</resultMap>

	<resultMap id="nextApproverValidator-result"
		class="ChargebackBO">
		<result property="nextApprover" column="nextApprover" />
	</resultMap>

	<resultMap id="invoiceNumberValidator-result"
		class="ChargebackBO">
		<result property="invoiceNumber" column="invoiceNumber" />
	</resultMap>


	<resultMap id="chargebackTypes-result" class="ChargebackBO">
		<result property="typeId" column="typeId" />
		<result property="typeName" column="typeName" />
	</resultMap>

	<resultMap id="reasons-result" class="ChargebackBO">
		<result property="reasonAcctNumber" column="reasonAcctNumber" />
		<result property="reasonCode" column="reasonCode" />
	</resultMap>

	<resultMap id="productGroup-result" class="ChargebackBO">
		<result property="prdGrpCode" column="prdGrpCode" />
		<result property="productGrp" column="productGrp" />
	</resultMap>

	<resultMap id="findByAttachmentName-result"
		class="ChargebackBO">
		<result property="fileData" column="fileData" jdbcType="BLOB" />
	</resultMap>


	<resultMap id="getAttachmentName-result" class="ChargebackBO">
		<result property="attachmentName" column="attachmentName" />
		<result property="attachmentType" column="attachmentType" />
	</resultMap>

	<resultMap id="getRoleIdRouteIdForUser-result" class="ChargebackBO">
		<result property="roleId" column="roleId" />
		<result property="routeId" column="routeId" />
		<result property="floorAmount" column="floorAmount" />
	</resultMap>
	
	<!-- Cache models -->
	<cacheModel id="count-cache" type="LRU">
		<flushInterval minutes="10" />
		<property name="size" value="100" />
	</cacheModel>

	<!-- SQL -->


	<select id="findByAttachmentName" parameterClass="ChargebackBO"
		resultMap="findByAttachmentName-result">
		select FILE_DATA fileData from
		${db.schema.name}.CBK_ATTACHMENTS where
		INVOICE_NUMBER =
		#invoiceNumber#
	</select>

	<sql id="query_getChargebacksList">
 		   
		<![CDATA[ 
		 SELECT  LTRIM(A.location_number) locationNumber, LTRIM(A.INVOICE_NUMBER) invoiceNumber,  A.Invoice_Date invoiceDate, A.Vendor_Number vendorId, A.NEXT_APPROVER_ID originalApprover, 
          D.APPROVER_NAME AS Originator, C.APPROVER_NAME approver,   netAmount,
         DECODE(EXPORTED,Null, ' ','X') As fin ,       DECODE(CANCELLED, Null, ' ', 'X') As ca , rownum as rowCount  
        FROM ${db.schema.name}.CBK_CHARGEBACK A, 
        (  SELECT  SUM(nvl(Item_Quantity, 0) * nvl(Item_Price, 0)) netAmount , INVOICE_NUMBER,LOCATION_NUMBER FROM ${db.schema.name}.CBK_ITEM GROUP BY INVOICE_NUMBER,LOCATION_NUMBER) B, 
        ${db.schema.name}.CBK_APPROVER C, ${db.schema.name}.CBK_APPROVER D
        WHERE (B.INVOICE_NUMBER (+) = A.INVOICE_NUMBER  AND B.LOCATION_NUMBER (+) = A.LOCATION_NUMBER)  AND UPPER(A.CREATOR_ID) = UPPER(D.APPROVER_ID)  
        AND UPPER(A.NEXT_APPROVER_ID) = UPPER(C.APPROVER_ID (+))
		
		 ]]>
		<dynamic>
			<isNotEmpty property="SmUserId" prepend="AND">
				<!-- LTRIM(D.APPROVER_ID) LIKE #SmUserId# -->
				 UPPER(D.APPROVER_ID) LIKE UPPER('%' || #SmUserId# || '%')
			</isNotEmpty>
			<isNotEmpty property="locationNumber" prepend="AND">
				LTRIM(A.LOCATION_NUMBER) LIKE #locationNumber#
			</isNotEmpty>
			<isNotEmpty property="vendorId" prepend="AND">
				<!-- LTRIM(A.VENDOR_NUMBER) LIKE #vendorId# -->
				A.VENDOR_NUMBER like   ('%' || ltrim(#vendorId#,'0') || '%')
			</isNotEmpty>
			<isNotEmpty property="originator" prepend="AND">
				 UPPER(A.CREATOR_ID) LIKE UPPER('%' || #originator# || '%')
			<!-- 	LTRIM(A.CREATOR_ID) LIKE #originator# -->
			</isNotEmpty>
			<isNotEmpty property="nextApprover" prepend="AND">
				 UPPER(A.NEXT_APPROVER_ID) LIKE UPPER('%' || #nextApprover# || '%')
				<!-- LTRIM(A.NEXT_APPROVER_ID) LIKE #nextApprover# -->
			</isNotEmpty>
			<isNotEmpty property="amountFrom">
				<isNotEmpty property="amountTo" prepend="AND">
					netAmount BETWEEN
					#amountFrom# AND #amountTo#
				</isNotEmpty>
			</isNotEmpty>
			<isNotEmpty property="invoiceFrom">
				AND A.INVOICE_NUMBER BETWEEN
				#invoiceFrom# AND #invoiceTo#
			</isNotEmpty>
			<isNotEmpty property="type" prepend="AND">
				LTRIM(A.TYPE_ID) LIKE
				#type#
			</isNotEmpty>
			<isEqual property="cancelled" compareValue="true"
				prepend="AND">
				A.CANCELLED IS NOT NULL
			</isEqual>
			<isEqual property="active" compareValue="true" prepend="AND">
				A.CANCELLED IS null
			</isEqual>
			<isEqual property="final" compareValue="true" prepend="AND">
				A.EXPORTED IS NOT NULL
			</isEqual>
			<isEqual property="notFinal" compareValue="true"
				prepend="AND">
				A.EXPORTED IS null
			</isEqual>
			<isNotEmpty property="fromDate" prepend="AND">
				A.Invoice_Date
				BETWEEN TO_DATE(#fromDate#,'MM/DD/YYYY') AND
				TO_DATE(#toDate#,'MM/DD/YYYY')+ (1-1/24/60/60)
			</isNotEmpty>
		</dynamic>

		Group BY A.LOCATION_NUMBER,A.INVOICE_NUMBER, A.Invoice_Date,
		A.Vendor_Number,A.NEXT_APPROVER_ID, D.APPROVER_NAME, C.APPROVER_NAME, netAmount,
		Exported, Cancelled, rownum
	</sql>

	<sql id="query_getAvailableChargebacksList">
       <![CDATA[  
       (SELECT rownum rowCount, avbl.* FROM ( 
              SELECT distinct K.INVOICE_NUMBER invoiceNumber,J.APPROVER_ID,(SELECT APPROVER_NAME FROM ${db.schema.name}.CBK_APPROVER WHERE  UPPER(APPROVER_ID) = UPPER(K.NEXT_APPROVER_ID)) approver, K.INVOICE_DATE invoiceDate,    
              K.LOCATION_NUMBER locationNumber, K.Route_ID routeId, VENDOR_NUMBER vendorId,  (SELECT APPROVER_NAME FROM ${db.schema.name}.CBK_APPROVER WHERE  UPPER(APPROVER_ID) = UPPER(CREATOR_ID)) originator,   
                           Total netAmount, Type_ID typeId, I.STEP_NUMBER stepNumber  FROM ${db.schema.name}.CBK_ROUTING I,  ${db.schema.name}.CBK_APPROVER_ROLES J, 
                     (SELECT H.NEXT_APPROVER_ID, H.INVOICE_DATE, H.INVOICE_NUMBER, H.LOCATION_NUMBER, MIN(STEP_NUMBER) As NextStep, CREATOR_ID, VENDOR_NUMBER, H.ROUTE_ID, Total, TYPE_ID FROM ${db.schema.name}.CBK_ROUTING G,                                                  
                     (SELECT MAX(STEP_NUMBER) AS LastStep, INVOICE_NUMBER, Location_Number FROM ${db.schema.name}.CBK_APPROVALS Group BY INVOICE_NUMBER, LOCATION_NUMBER) D,                  
                (SELECT A.NEXT_APPROVER_ID,A.INVOICE_DATE,A.INVOICE_NUMBER, A.LOCATION_NUMBER, ROUTE_ID, CREATOR_ID, VENDOR_NUMBER, A.TYPE_ID, SUM(nvl(Item_Quantity, 0) * nvl(Item_Price, 0)) As Total                  
                     FROM  ${db.schema.name}.CBK_CHARGEBACK A, ${db.schema.name}.CBK_ITEM B, ${db.schema.name}.CBK_TYPE C WHERE (B.INVOICE_NUMBER = A.INVOICE_NUMBER AND B.LOCATION_NUMBER = A.LOCATION_NUMBER)                 
                           AND A.TYPE_ID = C.TYPE_ID AND NEXT_APPROVER_ID IS NOT NULL AND nvl(EXPORTED, 0) = 0 And nvl(CANCELLED, 0) = 0                  
                   Group BY A.NEXT_APPROVER_ID,A.INVOICE_DATE, A.INVOICE_NUMBER,  A.LOCATION_NUMBER, ROUTE_ID, VENDOR_NUMBER, CREATOR_ID, A.TYPE_ID) H                  
                           WHERE (D.INVOICE_NUMBER (+) = H.INVOICE_NUMBER AND D.LOCATION_NUMBER (+) = H.LOCATION_NUMBER) AND G.ROUTE_ID = H.ROUTE_ID AND G.STEP_NUMBER > nvl(D.LastStep,0) AND G.AMOUNT_FLOOR <= nvl(H.Total,0)                  
                     Group BY H.NEXT_APPROVER_ID,H.INVOICE_DATE,H.INVOICE_NUMBER, H.LOCATION_NUMBER, CREATOR_ID, H.ROUTE_ID, VENDOR_NUMBER,  Total, TYPE_ID) K
                           WHERE I.STEP_NUMBER= K.NextStep AND I.ROLE_ID = J.ROLE_ID                  AND J.LOCATION_NUMBER = SUBSTR(K.LOCATION_NUMBER, 1,2) AND I.ROUTE_ID = K.ROUTE_ID
              AND UPPER(J.APPROVER_ID)  LIKE UPPER('%' || #userId# || '%')                              
              
               UNION                                   
               SELECT DISTINCT    A.INVOICE_NUMBER,D.APPROVER_ID,  (SELECT APPROVER_NAME FROM ${db.schema.name}.CBK_APPROVER WHERE  UPPER(APPROVER_ID) = UPPER(A.NEXT_APPROVER_ID)) NEXT_APPROVER_ID,  A.INVOICE_DATE, A.LOCATION_NUMBER,   ROUTE_ID,  VENDOR_NUMBER,
              (SELECT APPROVER_NAME FROM ${db.schema.name}.CBK_APPROVER WHERE  UPPER(APPROVER_ID) = UPPER(CREATOR_ID)) CREATOR_ID,
                Total AS Amount,F.TYPE_ID,10 as STEP_NUMBER                FROM   
                        (SELECT * FROM ${db.schema.name}.CBK_CHARGEBACK WHERE nvl(EXPORTED,0)= 0 AND nvl(CANCELLED,0) = 0 AND NEXT_APPROVER_ID IS NOT NULL AND TYPE_ID = 2) A,                       
                           (SELECT INVOICE_NUMBER, LOCATION_NUMBER FROM ${db.schema.name}.CBK_APPROVALS WHERE STEP_NUMBER =10) C,                       
                                   (SELECT INVOICE_NUMBER, LOCATION_NUMBER FROM ${db.schema.name}.CBK_APPROVALS WHERE STEP_NUMBER > 10 ) E,    ${db.schema.name}.CBK_APPROVER_ROLES D,  ${db.schema.name}.CBK_TYPE F,                       
                                         (SELECT SUM(nvl(ITEM_QUANTITY,0) * nvl(ITEM_PRICE,0)) AS TOTAL, INVOICE_NUMBER, LOCATION_NUMBER FROM ${db.schema.name}.CBK_ITEM GROUP BY INVOICE_NUMBER, LOCATION_NUMBER) G                                  
                WHERE  A.TYPE_ID = F.TYPE_ID AND   A.INVOICE_NUMBER = E.INVOICE_NUMBER AND A.LOCATION_NUMBER = E.LOCATION_NUMBER AND   A.INVOICE_NUMBER = G.INVOICE_NUMBER AND A.LOCATION_NUMBER = G.LOCATION_NUMBER AND                         
                A.INVOICE_NUMBER = C.INVOICE_NUMBER (+) AND A.LOCATION_NUMBER = C.LOCATION_NUMBER (+) AND C.INVOICE_NUMBER IS NULL   
                  AND         UPPER(D.APPROVER_ID) LIKE UPPER('%' || #userId# || '%') 
              AND                       SUBSTR(A.LOCATION_NUMBER,1,2) = D.LOCATION_NUMBER    ORDER BY invoiceNumber asc      

) avbl)avbl2
       
         ]]> 
         
         <!-- <![CDATA[ 
               SELECT  LTRIM(A.location_number) locationNumber, LTRIM(A.INVOICE_NUMBER) invoiceNumber,  A.Invoice_Date invoiceDate, A.Vendor_Number vendorId,  A.NEXT_APPROVER_ID originalApprover,  A.Type_ID typeId,  
               ( SELECT MIN(STEP_NUMBER) 
              FROM ${db.schema.name}.CBK_ROUTING ROUTE,${db.schema.name}.CBK_TYPE TP WHERE
              ROUTE.ROUTE_ID=TP.ROUTE_ID AND TP.TYPE_ID = A.Type_ID
              AND AMOUNT_FLOOR <= (SELECT SUM(ITEM_QUANTITY * ITEM_PRICE) AS TOTAL
              FROM ${db.schema.name}.CBK_ITEM WHERE INVOICE_NUMBER = LTRIM(A.INVOICE_NUMBER) AND
              LOCATION_NUMBER = LTRIM(A.location_number))
              AND STEP_NUMBER > (SELECT NVL(MAX(STEP_NUMBER),0) AS LastStep FROM
              ${db.schema.name}.CBK_APPROVALS WHERE INVOICE_NUMBER = LTRIM(A.INVOICE_NUMBER) AND
              LOCATION_NUMBER = LTRIM(A.location_number)) ) stepNumber,
          D.APPROVER_NAME AS Originator, C.APPROVER_NAME approver,   netAmount,
         DECODE(EXPORTED,Null, ' ','X') As fin ,       DECODE(CANCELLED, Null, ' ', 'X') As ca , rownum as rowCount  
        FROM ${db.schema.name}.CBK_CHARGEBACK A, 
        (  SELECT  SUM(nvl(Item_Quantity, 0) * nvl(Item_Price, 0)) netAmount , INVOICE_NUMBER,LOCATION_NUMBER FROM ${db.schema.name}.CBK_ITEM GROUP BY INVOICE_NUMBER,LOCATION_NUMBER) B, 
        ${db.schema.name}.CBK_APPROVER C, ${db.schema.name}.CBK_APPROVER D
        WHERE (B.INVOICE_NUMBER (+) = A.INVOICE_NUMBER  AND B.LOCATION_NUMBER (+) = A.LOCATION_NUMBER)  AND A.CREATOR_ID = D.APPROVER_ID  AND A.NEXT_APPROVER_ID = C.APPROVER_ID (+)
              AND UPPER(A.NEXT_APPROVER_ID) LIKE UPPER('%' || #userId# || '%')
              
               ]]> -->
              

       </sql>
	
	<select id="getChargebacks" parameterClass="Map"
		resultMap="chargebackSearch-result">
		<include refid="IncludesOracle.stratOf_rowLimit" />
		<include refid="query_getChargebacksList" />
		<isNotEmpty property="sortBy">
			ORDER BY $sortBy$ $sortOrder$
		</isNotEmpty>
		<include refid="IncludesOracle.endOf_rowLimit_rowCount" />
	</select>
	<select id="getChargebacksCount" parameterClass="Map"
		resultClass="Integer">
		<include refid="IncludesOracle.count_start" />
		<include refid="query_getChargebacksList" />
		<include refid="IncludesOracle.count_end" />
	</select>

	<select id="getAvailableChargebacks" parameterClass="Map"
		resultMap="availableChargebackSearch-result">
		<include refid="IncludesOracle.stratOf_rowLimit" />
		<include refid="query_getAvailableChargebacksList" />
		<include refid="IncludesOracle.endOf_rowLimit_rowCount" />
	</select>
	<select id="getAvailableChargebacksCount" parameterClass="Map"
		resultClass="Integer" >
		<include refid="IncludesOracle.count_start" />
		<include refid="query_getAvailableChargebacksList" />
		<include refid="IncludesOracle.count_end" />
	</select>

	<resultMap id="getVendorInfo-result" class="ChargebackBO">
		<result property="vendorId" column="vendorId" />
		<result property="vendorName" column="vendorName" />
		<result property="vendorAddr1" column="vendorAddr1" />
		<result property="vendorAddr2" column="vendorAddr2" />
		<result property="vendorCity" column="vendorCity" />
		<result property="vendorState" column="vendorState" />
		<result property="vendorPostCode" column="vendorPostCode" />
	</resultMap>


	<resultMap id="getAccountProductCodes-result"
		class="ChargebackBO">
		<result property="account" column="account" />
	</resultMap>

	<resultMap id="getLocationsByUser-result"
		class="ChargebackBO">
		<result property="locationNumber" column="locationNumber" />
		<result property="locationName" column="locationName" />
	</resultMap>



	<resultMap id="getApprovalHistory-result"
		class="ChargebackBO">
		<result property="approver" column="approver" />
		<result property="approverDateTimeStamp" column="approverDateTimeStamp" />
	</resultMap>

	<resultMap id="getChargebackApprovalStatus-result"
		class="ChargebackBO">
		<result property="approverId" column="approverId" />
		<result property="stepNumber" column="stepNumber" />
	</resultMap>



	<select id="getCompanyCode" parameterClass="String"
		resultClass="String">
		SELECT l.COMPANY companyCode
		FROM
		${db.schema.name}.APPROCLEV_V l
		WHERE l.PROC_LEVEL = #locationNumber#
	</select>

	<!-- query for getRoles and getLocations -->
	<select id="getAllRoles" resultMap="roles-result">SELECT c.ROLE_ID roleId,
		c.ROLE_DESC role FROM ${db.schema.name}.CBK_ROLES c
	</select>

	<select id="getRoles" resultMap="roles-result">
		SELECT c.ROLE_ID roleId,
		c.ROLE_DESC role
		FROM
		${db.schema.name}.CBK_ROLES c WHERE c.ROLE_ID &lt;
		89
	</select>

	<select id="getLocations" resultMap="locations-result">
		SELECT DISTINCT v.r_name
		locationName, LTRIM(l.location_number)
		locationNumber
		FROM
		${db.schema.name}.APPROCLEV_V v,
		${db.schema.name}.CBK_LOC_REGION l
		WHERE v.PROC_LEVEL=l.LOCATION_NUMBER
		ORDER BY locationNumber ASC
	</select>

	<select id="getLocationsForCreateUser"
		resultMap="locationsForCreateUser-result">
		SELECT DISTINCT SUBSTR( l.LOCATION_NUMBER, 1, 2 )
		locationNumber
		FROM ${db.schema.name}.APPROCLEV_V v,
		${db.schema.name}.CBK_LOC_REGION l
		WHERE v.PROC_LEVEL=l.LOCATION_NUMBER
		ORDER BY locationNumber ASC
	</select>

	<select id="getChargebackTypes"
		resultMap="chargebackTypes-result">
		SELECT c.TYPE_ID typeId, c.TYPE_DESCRIPTION typeName
		FROM
		${db.schema.name}.CBK_TYPE c ORDER BY typeName ASC
	</select>

	<select id="getReasons" resultMap="reasons-result">
	<![CDATA[
		SELECT r.ACCOUNT_NUMBER
		reasonAcctNumber, r.REASON_CODE reasonCode
		FROM
		${db.schema.name}.CBK_REASONS r WHERE r.INACTIVE <> -1  ORDER BY reason_code ASC
		]]>
	</select>

	<select id="getProductGroup" resultMap="productGroup-result">
		SELECT
		p.PRODUCT_GROUP_CODE prdGrpCode, p.PRODUCT_GROUP productGrp
		FROM
		${db.schema.name}.CBK_PRODUCT_GROUP P ORDER BY productGrp ASC
	</select>

	<select id="locationNumberValidator" parameterClass="Map"
		resultMap="locationValidator-result">
		SELECT LTRIM(R.location_number) locationNumber
		FROM
		${db.schema.name}.CBK_APPROVER_ROLES R WHERE
		<isNotEmpty property="userId">
			UPPER(R.APPROVER_ID) LIKE UPPER('%' || #userId# || '%')  
		</isNotEmpty>
		<isNotEmpty property="location" prepend="AND">
			LTRIM(R.location_number) = #location#
		</isNotEmpty>
	</select>

	<select id="invoiceNumberValidator" parameterClass="Map"
		resultMap="invoiceNumberValidator-result">
		SELECT LTRIM(c.INVOICE_NUMBER) invoiceNumber
		FROM
		${db.schema.name}.CBK_CHARGEBACK c
		WHERE upper(LTRIM(c.INVOICE_NUMBER))
		= #invoiceNumber# AND LTRIM(c.VENDOR_NUMBER) = #vendorId# AND
		LTRIM(c.location_number) = #locationNumber#

	</select>

	
	<select id="vendorNumberValidator" parameterClass="Map" resultMap="vendorValidator-result">
		SELECT  LTRIM(m.vendor) vendorId
		FROM     ${db.schema.name}.apvenmast_v m
		WHERE    m.vendor_status = 'A'
		<isNotEmpty property="vendorId"  prepend="AND">
				m.vendor like  ('%' || #vendorId# || '%')
		</isNotEmpty>
	</select>


	<select id="originatorValidator" parameterClass="Map"
		resultMap="originatorValidator-result">

		SELECT a.approver_id originator
		FROM ${db.schema.name}.CBK_APPROVER a
		WHERE a.APPROVER_STATUS='A'
		<isNotEmpty property="originator" prepend="AND">
		<!-- 	a.approver_id	LIKE #originator# -->
			 UPPER(a.approver_id) LIKE UPPER('%' || #originator# || '%')
		</isNotEmpty>

	</select>


	<select id="nextApproverValidator" parameterClass="Map"
		resultMap="nextApproverValidator-result">

		SELECT a.approver_id nextApprover
		FROM ${db.schema.name}.CBK_APPROVER a
		WHERE a.APPROVER_STATUS='A'
		<isNotEmpty property="nextApprover" prepend="AND">
		UPPER(a.approver_id) LIKE UPPER('%' || #nextApprover# || '%')
			<!-- a.approver_id 	LIKE #nextApprover# -->
		</isNotEmpty>

	</select>


	<select id="getChargebackInfo" parameterClass="Map"
		resultMap="getChargebackInfo-result">
		SELECT distinct LTRIM(A.location_number) locationNumber,
		LTRIM(A.INVOICE_NUMBER) invoiceNumber, A.REFERENCE_NUMBER
		referenceNumber,A.SHORT_DESC shortDesc,
		A.VENDOR_INVOICE vendorInvoice,
		A.Invoice_Date invoiceDate, A.Due_Date dueDate,
		A.Vendor_Number
		vendorId, A.CREATOR_ID creatorId,
		A.NEXT_APPROVER_ID approver,
		A.INTERNET_INSTRUCTION interInstr, A.REASON_CODE
		reasonCode,
		A.PRODUCT_GROUP_CODE prdGrpCode, A.TYPE_ID typeId
		,B.TYPE_DESCRIPTION
		typeName, A.ATTACHMENT attachmentType,
		(select product_group from ${db.schema.name}.CBK_PRODUCT_GROUP where PRODUCT_GROUP_CODE = A.PRODUCT_GROUP_CODE) productGrp 
		FROM ${db.schema.name}.CBK_CHARGEBACK A,
		${db.schema.name}.CBK_TYPE B where A.type_id =
		B.type_id and
		LTRIM(A.INVOICE_NUMBER)= #invoiceNumber#

	</select>
	
	<select id="getChargebackDetailInfo" parameterClass="Map"
		resultMap="getChargebackDetailInfo-result">

		SELECT distinct LTRIM(A.location_number) locationNumber,
		LTRIM(A.INVOICE_NUMBER) invoiceNumber,
		A.REFERENCE_NUMBER referenceNumber,A.SHORT_DESC shortDesc, A.VENDOR_INVOICE
		vendorInvoice,
		A.Invoice_Date invoiceDate, A.Due_Date dueDate, A.Vendor_Number vendorId,
		A.CREATOR_ID creatorId,
		(SELECT APPROVER_NAME FROM ${db.schema.name}.CBK_APPROVER WHERE APPROVER_ID =
		A.CREATOR_ID) creatorName,
		A.NEXT_APPROVER_ID approver, A.INTERNET_INSTRUCTION interInstr, A.REASON_CODE
		reasonCode, P.PRODUCT_GROUP prdGrpCode,
		A.TYPE_ID typeId ,B.TYPE_DESCRIPTION typeName, A.ATTACHMENT attachmentType FROM
		${db.schema.name}.CBK_CHARGEBACK A,
		${db.schema.name}.CBK_PRODUCT_GROUP P,
		${db.schema.name}.CBK_TYPE B where A.type_id = B.type_id AND A.PRODUCT_GROUP_CODE =
		P.PRODUCT_GROUP_CODE AND LTRIM(A.INVOICE_NUMBER)= #invoiceNumber#

	</select>

	<!-- <select id="getChargebackInfo" parameterClass="Map" resultMap="getChargebackInfo-result"> 
		SELECT LTRIM(A.location_number) locationNumber, LTRIM(A.INVOICE_NUMBER) invoiceNumber, 
		REFERENCE_NUMBER referenceNumber,SHORT_DESC shortDesc,VENDOR_INVOICE vendorInvoice, 
		A.Invoice_Date invoiceDate, A.Due_Date dueDate, A.Vendor_Number vendorId, 
		A.CREATOR_ID creatorId, A.REASON_CODE reasonCode,D.APPROVER_NAME originator, 
		A.PRODUCT_GROUP_CODE prdGrpCode, C.APPROVER_NAME approver, B.Item_Price netAmount, 
		E.TYPE_DESCRIPTION typeName FROM ${db.schema.name}.CBK_CHARGEBACK A, ${db.schema.name}.CBK_ITEM 
		B, ${db.schema.name}.CBK_APPROVER C, ${db.schema.name}.CBK_APPROVER D,${db.schema.name}.CBK_TYPE 
		E WHERE B.INVOICE_NUMBER = A.INVOICE_NUMBER AND B.LOCATION_NUMBER = A.LOCATION_NUMBER 
		AND A.CREATOR_ID = D.APPROVER_ID AND A.NEXT_APPROVER_ID = C.APPROVER_ID and 
		A.TYPE_ID=E.TYPE_ID AND LTRIM(A.INVOICE_NUMBER)= #invoiceNumber# AND LTRIM(A.VENDOR_NUMBER) 
		= #vendorId# </select> -->


	<select id="getAccountProductCodes" parameterClass="Map"
		resultMap="getAccountProductCodes-result">
	<![CDATA[
  	SELECT Account account FROM ${db.schema.name}.GLMaster_V 
  	WHERE Acct_Unit = #acctUnit# AND  LTRIM(Account) = #accountNumber# AND  NVL(Active_Status,'A')  <> 'I'
    ]]>
	</select>

	<select id="getChargeback" parameterClass="Map"
		resultMap="getChargeback-result">
		SELECT LTRIM(A.location_number) locationNumber,
		LTRIM(A.INVOICE_NUMBER)
		invoiceNumber,REFERENCE_NUMBER
		referenceNumber,SHORT_DESC
		shortDesc,VENDOR_INVOICE vendorInvoice,
		A.Invoice_Date invoiceDate,
		A.Due_Date dueDate, A.Vendor_Number
		vendorId, A.CREATOR_ID creatorId,
		A.REASON_CODE reasonCode,
		A.PRODUCT_GROUP_CODE
		prdGrpCode,NEXT_APPROVER_ID approver,
		A.ATTACHMENT
		attachment,A.TYPE_ID typeId,A.BARCODE barCode,A.EXPORTED
		exported,A.CANCELLED cancelled,INTERNET_INSTRUCTION
		interInstr,IN_PROCESS inProcess
		FROM ${db.schema.name}.CBK_CHARGEBACK A
		WHERE LTRIM(A.INVOICE_NUMBER)= #invoiceNumber# AND
		LTRIM(A.LOCATION_NUMBER)= #locationNumber#

	</select>

	<select id="getChargebackDetail" parameterClass="Map"
		resultMap="getChargebackDetail-result">
		SELECT distinct LTRIM(A.location_number) locationNumber,
		LTRIM(A.INVOICE_NUMBER) invoiceNumber,REFERENCE_NUMBER
		referenceNumber,SHORT_DESC shortDesc,VENDOR_INVOICE vendorInvoice,
		A.Invoice_Date invoiceDate, A.Due_Date dueDate, A.Vendor_Number
		vendorId, A.CREATOR_ID creatorId,
		A.REASON_CODE
		reasonCode,D.APPROVER_NAME originator, A.PRODUCT_GROUP_CODE
		prdGrpCode,
		C.APPROVER_NAME approver, B.Item_Price netAmount,
		E.TYPE_DESCRIPTION typeName
		FROM ${db.schema.name}.CBK_CHARGEBACK A,
		${db.schema.name}.CBK_ITEM B, ${db.schema.name}.CBK_APPROVER C,
		${db.schema.name}.CBK_APPROVER D,${db.schema.name}.CBK_TYPE E
		WHERE
		B.INVOICE_NUMBER = A.INVOICE_NUMBER AND B.LOCATION_NUMBER =
		A.LOCATION_NUMBER AND
		A.CREATOR_ID = D.APPROVER_ID AND
		A.NEXT_APPROVER_ID = C.APPROVER_ID and
		A.TYPE_ID=E.TYPE_ID
		<!--AND LTRIM(A.LOCATION_NUMBER) = '65011' AND LTRIM(A.VENDOR_NUMBER) = 
			'6460372' AND LTRIM(A.INVOICE_NUMBER)='8106-1010' -->
		AND B.Item_Price IS NOT NULL AND LTRIM(A.INVOICE_NUMBER)=
		#invoiceNumber# AND LTRIM(A.VENDOR_NUMBER) = #vendorId#

	</select>
	
	
		
	<select id="getCbkDetTableInfo" parameterClass="Map"
		resultMap="getCbkDetTable-result">
		SELECT LTRIM(A.location_number) locationNumber,
		LTRIM(A.INVOICE_NUMBER) invoiceNumber,
		B.DC_NUMBER dcNumber
		,B.ITEM_NUMBER itemNumber ,(SELECT PRODUCT_GROUP  FROM  cbk.CBK_PRODUCT_GROUP WHERE PRODUCT_GROUP_CODE = B.PRODUCT_CODE) prdGrpCode, 
		B.ITEM_PACK itemPack,B.ITEM_SIZE itemSize,
		B.ITEM_DESCRIPTION itemDesc,B.ITEM_UPC
		itemUpc,B.ITEM_SLOT itemSlot,
		B.DIVISION division,B.REGION
		region,B.SUBFUND subFund,B.ITEM_QUANTITY
		itemQuantity, TRIM(TO_CHAR(B.ITEM_PRICE,'99999999.99'))
		itemPriceFormat
		FROM
		${db.schema.name}.CBK_CHARGEBACK A,
		${db.schema.name}.CBK_ITEM B
		WHERE
		B.INVOICE_NUMBER = A.INVOICE_NUMBER
		AND B.LOCATION_NUMBER =
		A.LOCATION_NUMBER
		<!--AND LTRIM(A.LOCATION_NUMBER) = '65011' AND LTRIM(A.INVOICE_NUMBER)='65012441' -->
		AND LTRIM(A.LOCATION_NUMBER)= #locationNumber# AND
		LTRIM(A.INVOICE_NUMBER) = #invoiceNumber#
	</select>
	
	<select id="getCbkDetTable" parameterClass="Map"
		resultMap="getCbkDetTable-result">
		SELECT LTRIM(A.location_number) locationNumber,
		LTRIM(A.INVOICE_NUMBER) invoiceNumber,
		B.DC_NUMBER dcNumber
		,B.ITEM_NUMBER itemNumber ,B.PRODUCT_CODE prdGrpCode, B.ITEM_PACK
		itemPack,B.ITEM_SIZE itemSize,
		B.ITEM_DESCRIPTION itemDesc,B.ITEM_UPC
		itemUpc,B.ITEM_SLOT itemSlot,
		B.DIVISION division,B.REGION
		region,B.SUBFUND subFund,B.ITEM_QUANTITY
		itemQuantity, TRIM(TO_CHAR(B.ITEM_PRICE,'99999999.99'))
		itemPriceFormat
		FROM
		${db.schema.name}.CBK_CHARGEBACK A,
		${db.schema.name}.CBK_ITEM B
		WHERE
		B.INVOICE_NUMBER = A.INVOICE_NUMBER
		AND B.LOCATION_NUMBER =
		A.LOCATION_NUMBER
		<!--AND LTRIM(A.LOCATION_NUMBER) = '65011' AND LTRIM(A.INVOICE_NUMBER)='65012441' -->
		AND LTRIM(A.LOCATION_NUMBER)= #locationNumber# AND
		LTRIM(A.INVOICE_NUMBER) = #invoiceNumber#
	</select>

	<select id="getChargebackDistribution" parameterClass="Map"
		resultMap="getChargebackDistribution-result">
		SELECT LTRIM(location_number) locationNumber, LTRIM(INVOICE_NUMBER)
		invoiceNumber,
		company_code companyCode, account_number
		accountNumber,distribution_amount
		distributionAmt,
		dist_loc_number
		distLocNumber,product_group productGrp
		FROM
		${db.schema.name}.CBK_DISTRIBUTION
		WHERE <!-- LTRIM(LOCATION_NUMBER) = '65011' 
			AND LTRIM(INVOICE_NUMBER)='65012441' -->
		LTRIM(LOCATION_NUMBER)= #locationNumber# AND LTRIM(INVOICE_NUMBER) =
		#invoiceNumber#

	</select>

	<select id="getApprovalRoles" parameterClass="Map"
		resultMap="getApprovalRoles-result">
		SELECT R.ROLE_ID roleId,R.ROLE_DESC roleDesc,R.DEFAULT_FORM
		defForm,A.APPROVER_ID approverId,A.LOCATION_NUMBER locationNumber
		FROM
		${db.schema.name}.CBK_ROLES R,${db.schema.name}.CBK_APPROVER_ROLES A
		WHERE R.ROLE_ID=A.ROLE_ID 
		AND UPPER(approver_id) LIKE UPPER('%' || #approverId# || '%')
	</select>

	<select id="getVendorInfo" parameterClass="Map"
		resultMap="getVendorInfo-result">
		SELECT LTRIM(m.vendor) vendorId, LTRIM(m.vendor_vname)
		vendorName,a.addr1 vendorAddr1,
		a.addr2 vendorAddr2,a.CITY_ADDR5
		vendorCity,a.STATE_PROV
		vendorState,a.POSTAL_CODE vendorPostCode
		FROM
		${db.schema.name}.apvenmast_v m, ${db.schema.name}.apvenaddr_v a
		WHERE
		m.vendor = a.vendor AND m.vendor_status = 'A' and rownum=1
		<isNotEmpty property="vendorId" prepend="AND">
			LTRIM(m.vendor) =
			#vendorId#
		</isNotEmpty>
	</select>


	<select id="doCbkApproverSearch" parameterClass="Map"
		resultMap="cbkApproverSearch-result">

		<!-- <![CDATA[ SELECT CBK_APPROVER.APPROVER_ID approverId, APPROVER_NAME 
			approverName FROM ${db.schema.name}.CBK_APPROVER_ROLES, ${db.schema.name}.CBK_APPROVER 
			WHERE CBK_APPROVER_ROLES.APPROVER_ID = CBK_APPROVER.APPROVER_ID AND APPROVER_STATUS 
			= 'A' AND CBK_APPROVER.APPROVER_ID <> #SmUserId# AND LOCATION_NUMBER = #locationNumber# 
			AND ROLE_ID = #roleId# ORDER BY APPROVER_NAME ]]> -->
	  
	 <![CDATA[  
	  SELECT CBK_APPROVER.APPROVER_ID approverId, APPROVER_NAME approverName,CBK_ROUTING.STEP_NUMBER stepNumber,LOCATION_NUMBER locationNumber,TYPE_ID typeId
	   FROM ${db.schema.name}.CBK_APPROVER_ROLES, ${db.schema.name}.CBK_APPROVER, ${db.schema.name}.CBK_ROUTING,${db.schema.name}.CBK_TYPE
        WHERE CBK_APPROVER_ROLES.APPROVER_ID = CBK_APPROVER.APPROVER_ID and CBK_ROUTING.role_id=CBK_APPROVER_ROLES.role_id and CBK_ROUTING.ROUTE_ID=CBK_TYPE.ROUTE_ID 
        AND APPROVER_STATUS = 'A' AND CBK_APPROVER.APPROVER_ID <> #SmUserId#
        AND LOCATION_NUMBER = #locationNumber# AND CBK_ROUTING.ROLE_ID = #roleId#
        AND TYPE_ID = #typeId#
        ORDER BY APPROVER_NAME
        
          ]]>

		<!-- select distinct appr.approver_name approverName, appr.approver_id 
			approverId,MIN(route.step_number) stepNumber from ${db.schema.name}.CBK_TYPE 
			type,${db.schema.name}.CBK_ROUTING route,${db.schema.name}.CBK_APPROVER_ROLES 
			approles,${db.schema.name}.CBK_APPROVER appr where type.route_id=route.route_id 
			AND route.role_id=approles.role_id AND approles.approver_id=appr.approver_id 
			<isNotEmpty property="stepNumber" prepend="AND"> route.step_number = #stepNumber# 
			</isNotEmpty> and type.type_id= #typeId# and amount_floor &lt;= #chargebackTotal# 
			GROUP BY appr.approver_name,appr.approver_id,route.step_number -->




	</select>

	<select id="getApproverStepsUp" parameterClass="Map"
		resultClass="String">



		SELECT MIN(step_number) stepNumber FROM
		${db.schema.name}.CBK_ROUTING
		route,
		${db.schema.name}.CBK_TYPE ct
		where ct.route_id=route.route_id
		and type_id =
		#typeId# and step_number &gt; #stepNumber#



		<!-- SELECT MIN(step_number) stepNumber FROM ${db.schema.name}.CBK_ROUTING 
			route, ${db.schema.name}.CBK_TYPE ct where ct.route_id=route.route_id and 
			type_id = #typeId# and step_number &gt; #stepNumber# -->
	</select>

	<select id="getApproverStepsUpWithInvoiceAmount" parameterClass="Map"
		resultClass="String">
		
		<![CDATA[

		SELECT Min(STEP_NUMBER) stepNumber FROM ${db.schema.name}.CBK_ROUTING
		ROUTE,${db.schema.name}.CBK_TYPE TP WHERE ROUTE.ROUTE_ID=TP.ROUTE_ID AND
		TP.TYPE_ID = #typeId#
		AND AMOUNT_FLOOR <= (SELECT SUM(ITEM_QUANTITY * ITEM_PRICE) AS TOTAL
		FROM ${db.schema.name}.CBK_ITEM WHERE INVOICE_NUMBER = #invoiceNumber# AND
		LOCATION_NUMBER = #locationNumber#)
		AND step_number > #stepNumber#

		]]>
	</select>

	<select id="getApproverStepsUpWithmount" parameterClass="Map"
		resultClass="String">


		SELECT MIN(step_number) stepNumber FROM
		${db.schema.name}.CBK_ROUTING
		route, ${db.schema.name}.CBK_TYPE ct
		where ct.route_id=route.route_id and
		type_id = #typeId# and
		amount_floor &lt;= #chargebackTotal#
		AND step_number > #stepNumber#


	</select>

	<select id="getApproverStepsDown" parameterClass="Map"
		resultClass="String">

		SELECT MAX(step_number) stepNumber FROM
		${db.schema.name}.CBK_ROUTING
		route,
		${db.schema.name}.CBK_TYPE ct
		where ct.route_id=route.route_id
		and type_id =
		#typeId# and step_number &lt; #stepNumber#

		<!-- SELECT MAX(step_number) stepNumber FROM ${db.schema.name}.CBK_ROUTING 
			route, ${db.schema.name}.CBK_TYPE ct where ct.route_id=route.route_id and 
			type_id = #typeId# and amount_floor &lt;= #chargebackTotal# and step_number 
			&lt; #stepNumber# -->

	</select>


	<select id="getApproverStepsDownWithInvoiceAmount"
		parameterClass="Map" resultClass="String">
		<![CDATA[

		SELECT Max(STEP_NUMBER) stepNumber FROM ${db.schema.name}.CBK_ROUTING
		ROUTE,${db.schema.name}.CBK_TYPE TP WHERE ROUTE.ROUTE_ID=TP.ROUTE_ID AND
		TP.TYPE_ID = #typeId#
		AND AMOUNT_FLOOR <= (SELECT SUM(ITEM_QUANTITY * ITEM_PRICE) AS TOTAL
		FROM ${db.schema.name}.CBK_ITEM WHERE INVOICE_NUMBER = #invoiceNumber# AND
		LOCATION_NUMBER = #locationNumber#)
		AND step_number < #stepNumber#

		]]>

	</select>


	<select id="getApproverStepsDownWithmount" parameterClass="Map"
		resultClass="String">
		<![CDATA[

		 SELECT MAX(step_number) stepNumber FROM ${db.schema.name}.CBK_ROUTING 
			route, ${db.schema.name}.CBK_TYPE ct where ct.route_id=route.route_id and 
			type_id = #typeId# and amount_floor <= #chargebackTotal# 
			AND step_number < #stepNumber#

		]]>

	</select>
	
	
	<select id="getStepNumberForMassApproval" parameterClass="Map"
		resultClass="String">
		SELECT MAX(step_number) stepNumber FROM
		${db.schema.name}.CBK_ROUTING route,
		${db.schema.name}.CBK_TYPE ct
		where ct.route_id=route.route_id
		and ct.type_id = #typeId#
		and route.role_id = #roleId#
	</select>

	<select id="getMaxStepNumber" parameterClass="Map"
		resultClass="String">
		SELECT MAX(step_number) stepNumber FROM
		${db.schema.name}.CBK_ROUTING route,
		${db.schema.name}.CBK_TYPE ct
		where ct.route_id=route.route_id
		and type_id = #typeId#
	</select>
	
	
	<select id="getMaxStepNumberWithAmount" parameterClass="Map"
		resultClass="String">
		SELECT MAX(step_number) stepNumber FROM
		${db.schema.name}.CBK_ROUTING route,
		${db.schema.name}.CBK_TYPE ct
		where ct.route_id=route.route_id
		and type_id = #typeId# AND
		amount_floor &lt;= #chargebackTotal#
	</select>
	
	<select id="getMaxStepNumberWithInvoiceAmount"
		parameterClass="Map" resultClass="String">
		<![CDATA[
		SELECT max(STEP_NUMBER) stepNumber
		FROM ${db.schema.name}.CBK_ROUTING ROUTE,${db.schema.name}.CBK_TYPE TP WHERE
		ROUTE.ROUTE_ID=TP.ROUTE_ID AND TP.TYPE_ID = #typeId#
		AND AMOUNT_FLOOR <= (SELECT SUM(ITEM_QUANTITY * ITEM_PRICE) AS TOTAL
		FROM ${db.schema.name}.CBK_ITEM WHERE INVOICE_NUMBER = #invoiceNumber# AND
		LOCATION_NUMBER = #locationNumber#)
		AND STEP_NUMBER > (SELECT NVL(MAX(STEP_NUMBER),0) AS LastStep FROM
		${db.schema.name}.CBK_APPROVALS WHERE INVOICE_NUMBER = #invoiceNumber# AND
		LOCATION_NUMBER = #locationNumber#)
		]]>

	</select>



	<select id="getMinStepNumber" parameterClass="Map"
		resultClass="String">
		SELECT MIN(step_number) stepNumber FROM
		${db.schema.name}.CBK_ROUTING route,
		${db.schema.name}.CBK_TYPE ct
		where ct.route_id=route.route_id
		and type_id = #typeId#

	</select>
	
	<select id="getMinStepNumberWithAmount" parameterClass="Map"
		resultClass="String">
		SELECT MIN(step_number) stepNumber FROM
		${db.schema.name}.CBK_ROUTING route,
		${db.schema.name}.CBK_TYPE ct
		where ct.route_id=route.route_id
		and type_id = #typeId# AND
		amount_floor &lt;= #chargebackTotal#
	</select>
	
	<select id="getMinStepNumberWithInvoiceAmount" parameterClass="Map"
		resultClass="String">
		<![CDATA[
		SELECT MIN(STEP_NUMBER) stepNumber
		FROM ${db.schema.name}.CBK_ROUTING ROUTE,${db.schema.name}.CBK_TYPE TP WHERE
		ROUTE.ROUTE_ID=TP.ROUTE_ID AND TP.TYPE_ID = #typeId#
		AND AMOUNT_FLOOR <= (SELECT SUM(ITEM_QUANTITY * ITEM_PRICE) AS TOTAL
		FROM ${db.schema.name}.CBK_ITEM WHERE INVOICE_NUMBER = #invoiceNumber# AND
		LOCATION_NUMBER = #locationNumber#)
		AND STEP_NUMBER > (SELECT NVL(MAX(STEP_NUMBER),0) AS LastStep FROM
		${db.schema.name}.CBK_APPROVALS WHERE INVOICE_NUMBER = #invoiceNumber# AND
		LOCATION_NUMBER = #locationNumber#)
		]]>

	</select>
	

	<select id="getRoleIdByStepAndType" parameterClass="Map"
		resultClass="String">

		SELECT role_id FROM ${db.schema.name}.CBK_ROUTING r ,
		${db.schema.name}.CBK_type t
		WHERE r.route_id=t.route_id and
		t.type_id=#typeId# and
		step_number=#stepNumber#
	</select>

	<select id="getNextInvoceNumberOrBarcode" parameterClass="Map"
		resultMap="getNextInvoceNumberOrBarcode-result">
		SELECT NEXT_INVOICE invoiceNumber,LOCATION_NUMBER
		locationnumber from
		${db.schema.name}.CBK_INVOICE where
		LTRIM(LOCATION_NUMBER)=
		#locationNumber#
	</select>

	<insert id="insertInvoice" parameterClass="ChargebackBO">
		INSERT INTO
		${db.schema.name}.CBK_INVOICE
		(LOCATION_NUMBER,NEXT_INVOICE)
		values(#locationNumber#,#invoiceNumber#)
	</insert>

	<insert id="updateInvoice" parameterClass="ChargebackBO">
		UPDATE
		${db.schema.name}.CBK_INVOICE
		SET NEXT_INVOICE =#invoiceNumber#
		WHERE
		LOCATION_NUMBER =#locationNumber#
	</insert>

	<insert id="insertApprovals" parameterClass="ChargebackBO">
		INSERT INTO
		${db.schema.name}.CBK_APPROVALS
		(INVOICE_NUMBER,LOCATION_NUMBER,STEP_NUMBER,APPROVER_ID,APPROVAL_DATE)
		values(#invoiceNumber#, #locationNumber#,#stepNumber#, #approverId#,
		#approvalDate#)
	</insert>

	<insert id="insertChargeback" parameterClass="ChargebackBO">
		INSERT INTO
		${db.schema.name}.CBK_CHARGEBACK
		(INVOICE_NUMBER,LOCATION_NUMBER,DUE_DATE,INVOICE_DATE,VENDOR_INVOICE,VENDOR_NUMBER,ATTACHMENT,TYPE_ID,CREATOR_ID,BARCODE,SHORT_DESC,EXPORTED,
		CANCELLED,NEXT_APPROVER_ID,INTERNET_INSTRUCTION,REASON_CODE,IN_PROCESS,REFERENCE_NUMBER,PRODUCT_GROUP_CODE)
		values(#invoiceNumber#, #locationNumber#,#dueDate#, #invoiceDate#,
		#vendorInvoice#,#vendorId#,#attachmentType#,#typeId#,UPPER(#creatorId#),
		#barCode#,#shortDesc#,#exported#,#cancelled#,UPPER(#approver#),#interInstr#,#reasonCode#,#inProcess#,#referenceNumber#,#prdGrpCode#)
	</insert>


	<insert id="insertCbkDistribution" parameterClass="ChargebackBO">
		INSERT INTO
		${db.schema.name}.CBK_DISTRIBUTION
		(INVOICE_NUMBER,LOCATION_NUMBER,COMPANY_CODE,ACCOUNT_NUMBER,DISTRIBUTION_AMOUNT,DIST_LOC_NUMBER,PRODUCT_GROUP)
		values(#invoiceNumber#, #locationNumber#,#companyCode#,
		#accountNumber#, #distributionAmt#,#distLocNumber#,#productGrp#)
	</insert>

	<delete id="deleteCbkDistribution" parameterClass="map">
		DELETE FROM
		${db.schema.name}.CBK_DISTRIBUTION
		WHERE LTRIM(LOCATION_NUMBER)=
		#locationNumber# AND LTRIM(INVOICE_NUMBER) =
		#invoiceNumber#
	</delete>

	<insert id="insertCbkItem" parameterClass="ChargebackBO">
		INSERT INTO
		${db.schema.name}.CBK_ITEM
		(INVOICE_NUMBER,LOCATION_NUMBER,LINE_NUMBER,ITEM_NUMBER,ITEM_PACK,ITEM_SIZE,ITEM_DESCRIPTION,ITEM_UPC,ITEM_SLOT,ITEM_QUANTITY,ITEM_PRICE,PRODUCT_CODE,DC_NUMBER,
		REGION,DIVISION,SUBFUND)
		values(#invoiceNumber#,
		#locationNumber#,#lineNumber#, #itemNumber#,
		#itemPack#,#itemSize#,#itemDesc#,#itemUpc#,#itemSlot#,
		#itemQuantity#,#itemPriceFormat#,#productCode#,#dcNumber#,#region#,#division#,#subFund#)
	</insert>

	<delete id="deleteCbkItem" parameterClass="map">
		DELETE FROM
		${db.schema.name}.CBK_ITEM
		WHERE LTRIM(LOCATION_NUMBER)=
		#locationNumber# AND LTRIM(INVOICE_NUMBER) =
		#invoiceNumber#
	</delete>


	<update id="updateChargeback" parameterClass="ChargebackBO">
		UPDATE ${db.schema.name}.CBK_CHARGEBACK
		SET DUE_DATE = #dueDate:DATE#,
		TYPE_ID = #typeId:INTEGER#
		<isNotEmpty property="vendorInvoice">
			,VENDOR_INVOICE =
			#vendorInvoice:VARCHAR#
		</isNotEmpty>
		<isNotEmpty property="vendorId">
			,VENDOR_NUMBER = #vendorId:VARCHAR#
		</isNotEmpty>
		<isNotEmpty property="attachmentType">
			,ATTACHMENT = #attachmentType:VARCHAR#
		</isNotEmpty>
		<isNotEmpty property="barCode">
			,BARCODE = #barCode:VARCHAR#
		</isNotEmpty>
		<isNotEmpty property="shortDesc">
			,SHORT_DESC = #shortDesc:VARCHAR#
		</isNotEmpty>
		<isNotEmpty property="exported">
			,EXPORTED = #exported:VARCHAR#
		</isNotEmpty>
		<isNotEmpty property="nextAproverId">
			,NEXT_APPROVER_ID =
			#nextAproverId:VARCHAR#
		</isNotEmpty>
		<isNotEmpty property="interInstr">
			,INTERNET_INSTRUCTION =
			#interInstr:VARCHAR#
		</isNotEmpty>
		<isNotEmpty property="reasonCode">
			,REASON_CODE = #reasonCode:VARCHAR#
		</isNotEmpty>
		<isNotEmpty property="inProcess">
			,IN_PROCESS = #inProcess:VARCHAR#
		</isNotEmpty>
		<isNotEmpty property="referenceNumber">
			,REFERENCE_NUMBER =
			#referenceNumber:VARCHAR#
		</isNotEmpty>
		<isNotEmpty property="prdGrpCode">
			,PRODUCT_GROUP_CODE =
			#prdGrpCode:VARCHAR#
		</isNotEmpty>

		WHERE LTRIM(INVOICE_NUMBER) = #invoiceNumber:VARCHAR# AND
		LTRIM(LOCATION_NUMBER)= #locationNumber#
	</update>


	<update id="updateApprovals" parameterClass="ChargebackBO">
		UPDATE
		${db.schema.name}.CBK_APPROVALS
		SET APPROVER_ID = #approverId:VARCHAR#
		WHERE LTRIM(INVOICE_NUMBER) = #invoiceNumber:VARCHAR# AND
		LTRIM(LOCATION_NUMBER)= #locationNumber#
	</update>



	<!-- query for createNewuser -->
	<insert id="createNewUser" parameterClass="Map">
		INSERT INTO
		${db.schema.name}.CBK_APPROVER
		(APPROVER_ID, APPROVER_NAME,
		APPROVER_EMAIL, APPROVER_STATUS)
		VALUES
		(UPPER(#userId#),#userName#,#useremailId#,#status#)
	</insert>



	<insert id="addMenusToUser" parameterClass="CreateNewUserBO">
		INSERT INTO
		${db.schema.name}.CBK_APPROVER_ROLES
		(APPROVER_ID, ROLE_ID,
		LOCATION_NUMBER)
		VALUES (UPPER(#userId#),#roleId#,#locationNumber#)
	</insert>

	<insert id="addRolesToUser" parameterClass="CreateNewUserBO">
		INSERT INTO
		${db.schema.name}.CBK_APPROVER_ROLES
		(APPROVER_ID, ROLE_ID,
		LOCATION_NUMBER)
		VALUES (UPPER(#userId#),#distRoles#,#distLocNumber#)
	</insert>

	<select id="getUserDetails" parameterClass="Map"
		resultMap="userDetails-result">
		SELECT a.APPROVER_ID userId, a.APPROVER_NAME userName,
		a.APPROVER_EMAIL useremailId, a.APPROVER_STATUS status FROM
		${db.schema.name}.CBK_APPROVER a
		WHERE  UPPER(a.APPROVER_ID) LIKE UPPER('%' || #userId#  || '%') 
		
	</select>


	<select id="getUserRolesLocations" parameterClass="Map"
		resultMap="userRolesLocations-result">
		SELECT c.ROLE_ID roleId, c.LOCATION_NUMBER locationNumber
		FROM
		${db.schema.name}.CBK_APPROVER_ROLES C
		WHERE
		<isNotEmpty property="userId">
			UPPER(C.approver_id) LIKE UPPER('%' || #userId#  || '%') 
			<!-- C.approver_id LIKE #userId# -->
		</isNotEmpty>
	</select>


	<select id="getUserAssignedRoles" parameterClass="Map"
		resultMap="userAssignedRoles-result">
		SELECT c.ROLE_ID roleId
		FROM
		${db.schema.name}.CBK_APPROVER_ROLES C
		WHERE C.ROLE_ID IN (8)
		<isNotEmpty property="userId" prepend="AND">
			UPPER(C.approver_id) LIKE UPPER('%' || #userId# || '%')
		</isNotEmpty>
	</select>


	<update id="updateUser" parameterClass="Map">
		UPDATE
		${db.schema.name}.CBK_APPROVER
		SET APPROVER_EMAIL =#useremailId#,
		APPROVER_STATUS =#status#
		WHERE 
		<!-- APPROVER_ID =#userId# -->
		 UPPER(APPROVER_ID) LIKE UPPER('%' || #userId# || '%')
	</update>

	<delete id="deleteRolesLocations" parameterClass="Map">
		DELETE FROM
		${db.schema.name}.CBK_APPROVER_ROLES
		WHERE 
		<!-- APPROVER_ID = #userId# -->
		 UPPER(APPROVER_ID) LIKE UPPER('%' || #userId# || '%')
	</delete>
	<delete id="deleteUserFromApprovals" parameterClass="Map">
		DELETE FROM
		${db.schema.name}​​​​​​​.CBK_APPROVALS 
		WHERE 
		<!-- APPROVER_ID = #userId# -->
		 UPPER(APPROVER_ID) LIKE UPPER('%' || #userId# || '%') 
	</delete>
	<delete id="deleteUser" parameterClass="Map">
		DELETE FROM
		${db.schema.name}.CBK_APPROVER
		WHERE 
	<!-- 	APPROVER_ID = #userId# -->
		 UPPER(APPROVER_ID) LIKE UPPER('%' || #userId# || '%')
	</delete>

	<select id="getRolesByUserForMenu" parameterClass="Map"
		resultMap="getRolesByUserForMenu-result">
		SELECT role.DEFAULT_FORM defForm
		FROM
		${db.schema.name}.CBK_APPROVER_ROLES aproles,
		${db.schema.name}.CBK_ROLES role
		WHERE aproles.role_id = role.role_id
		AND UPPER(approver_id) LIKE UPPER('%' || #approverId# || '%')
		AND aproles.ROLE_ID &gt; 89
	</select>

	<update id="updateChargebackApprover"
		parameterClass="ChargebackBO">
		UPDATE ${db.schema.name}.CBK_CHARGEBACK
		SET
		NEXT_APPROVER_ID = #nextAproverId#
		WHERE LTRIM(INVOICE_NUMBER) =
		#invoiceNumber:VARCHAR# AND
		LTRIM(LOCATION_NUMBER)= #locationNumber#
	</update>

	<insert id="insertAttachment" parameterClass="ChargebackBO">
		INSERT INTO
		${db.schema.name}.CBK_ATTACHMENTS
		(INVOICE_NUMBER,LOCATION_NUMBER,ATTACHMENT_NAME,ATTACHMENT_DATE,ATTACHMENT,FILE_DATA)
		values(#invoiceNumber#,#locationNumber#,#filename#,#attachmentDate#,#attachmentType#,#attachmentFile#)
	</insert>
	<insert id="crateAttachment" parameterClass="ChargebackBO">
		INSERT INTO
		${db.schema.name}.CBK_ATTACHMENTS
		(INVOICE_NUMBER,LOCATION_NUMBER,ATTACHMENT_NAME,ATTACHMENT_DATE,ATTACHMENT,FILE_DATA)
		values(#invoiceNumber#,#locationNumber#,#filename#,#attachmentDate#,#attachmentType#,#attachmentFile#)
	</insert>

	<update id="updateChargebackDenyReason"
		parameterClass="ChargebackBO">
		UPDATE ${db.schema.name}.CBK_CHARGEBACK
		SET	 NEXT_APPROVER_ID =	UPPER(#nextAproverId#)
		WHERE LTRIM(INVOICE_NUMBER) = #invoiceNumber:VARCHAR#
		AND
		LTRIM(LOCATION_NUMBER)= #locationNumber#
	</update>

	<delete id="deleteAttachment" parameterClass="map">
		DELETE FROM
		${db.schema.name}.CBK_ATTACHMENTS WHERE LTRIM(INVOICE_NUMBER) =
		#invoiceNumber#
	</delete>

	<select id="getLocationsByUser" parameterClass="String"
		resultMap="getLocationsByUser-result">
		SELECT DISTINCT v.r_name locationName, l.LOCATION_NUMBER
		locationNumber
		FROM ${db.schema.name}.APPROCLEV_V v,
		${db.schema.name}.CBK_LOC_REGION l
		WHERE v.PROC_LEVEL=l.LOCATION_NUMBER
		AND SUBSTR( l.LOCATION_NUMBER, 1, 2 ) in ( select location_number from
		${db.schema.name}.CBK_approver_roles where UPPER(approver_id) LIKE UPPER('%' || #approverId# || '%'))
		ORDER BY locationName ASC

	</select>

	<select id="getApprovalHistory" parameterClass="String"
		resultMap="getApprovalHistory-result">
      
      <![CDATA[  
      			select approver_name approver, to_char(approval_date,'mm/dd/yyyy hh24:mi:ss')  approverDateTimeStamp 
		      from  ${db.schema.name}.CBK_APPROVALS app, ${db.schema.name}.CBK_APPROVER r WHERE app.approver_id=r.approver_id and LTRIM(INVOICE_NUMBER) = #invoiceNumber# order by step_number
      		
		      ]]>
	</select>


	<delete id="deleteApprovals" parameterClass="Map">
		DELETE FROM
		${db.schema.name}.CBK_APPROVALS WHERE LTRIM(INVOICE_NUMBER) =
		#invoiceNumber# AND LTRIM(LOCATION_NUMBER)= #locationNumber#
	</delete>



	<select id="getAttachmentName" parameterClass="String"
		resultMap="getAttachmentName-result">
		select ATTACHMENT_NAME attachmentName, ATTACHMENT
		attachmentType from
		${db.schema.name}.CBK_ATTACHMENTS where
		INVOICE_NUMBER =
		#invoiceNumber#
	</select>


	<select id="getChargebackApprovalStatus" parameterClass="Map"
		resultMap="getChargebackApprovalStatus-result">
		select a.approver_id approverId ,a.step_number stepNumber
		from
		${db.schema.name}.CBK_chargeback c,${db.schema.name}.CBK_approvals
		a where
		c.invoice_number = a.invoice_number
		and LTRIM(c.INVOICE_NUMBER)
		= #invoiceNumber#

	</select>

	<select id="getAdminUser" parameterClass="Map"
		resultClass="String">
		SELECT distinct c.ROLE_ID roleId
		FROM
		${db.schema.name}.CBK_APPROVER_ROLES C
		WHERE UPPER(C.APPROVER_ID) LIKE UPPER('%' || #userId# || '%')  
	<!-- 	C.approver_id = #userId# -->
		AND c.ROLE_ID = #roleId#

	</select>

	<select id="getRoleIdForNextApprover" parameterClass="Map"
		resultClass="String">
		<![CDATA[ 

		SELECT distinct a.role_id roleId
		FROM ${db.schema.name}.CBK_ROUTING
		a, ${db.schema.name}.CBK_APPROVER_ROLES b,${db.schema.name}.CBK_TYPE
		TP WHERE
		a.ROUTE_ID=TP.ROUTE_ID AND a.AMOUNT_FLOOR <= (SELECT
		SUM(ITEM_QUANTITY
		* ITEM_PRICE) AS TOTAL
		FROM ${db.schema.name}.CBK_ITEM WHERE INVOICE_NUMBER =
		#invoiceNumber# AND LOCATION_NUMBER
		= #locationNumber#) AND STEP_NUMBER
		> (SELECT NVL(MAX(STEP_NUMBER),0) AS
		LastStep
		FROM ${db.schema.name}.CBK_APPROVALS
		WHERE INVOICE_NUMBER = #invoiceNumber# AND
		LOCATION_NUMBER =
		#locationNumber#) and a.ROLE_ID = b.ROLE_ID AND TP.TYPE_ID = #typeId#
		AND  UPPER(b.APPROVER_ID) LIKE UPPER('%' || #userId# || '%') 
		AND b.LOCATION_NUMBER = SUBSTR(#locationNumber#,1,2)
		order by roleId DESC
  		FETCH FIRST 1 ROWS  ONLY
		
		  ]]>

	</select>

	

	<sql id="query_getMassApprovalsList" >
		<!--  <![CDATA[ 
                SELECT A.LOCATION_NUMBER As locationNumber, A.INVOICE_NUMBER As invoiceNumber, Invoice_Date as invoiceDate, Vendor_Number as vendorId,
                massAppNetAmount  ,D.APPROVER_NAME AS originator, C.APPROVER_NAME as originalApprover, 
                DECODE(EXPORTED,Null, ' ','X') As Fin, DECODE(CANCELLED, Null, ' ', 'X') As Can 
                FROM ${db.schema.name}.CBK_CHARGEBACK A, (  SELECT  SUM(nvl(Item_Quantity, 0) * nvl(Item_Price, 0)) massAppNetAmount , INVOICE_NUMBER,LOCATION_NUMBER 
                FROM ${db.schema.name}.CBK_ITEM GROUP BY INVOICE_NUMBER,LOCATION_NUMBER) B, ${db.schema.name}.CBK_APPROVER C, ${db.schema.name}.CBK_APPROVER D
                WHERE (B.INVOICE_NUMBER (+) = A.INVOICE_NUMBER AND B.LOCATION_NUMBER (+) = A.LOCATION_NUMBER) AND SUBSTR(A.LOCATION_NUMBER,1,2) IN
                (SELECT DISTINCT LOCATION_NUMBER FROM ${db.schema.name}.CBK_APPROVER_ROLES WHERE UPPER(APPROVER_ID) <> UPPER('%' || #userId# || '%')) 
                AND UPPER(A.CREATOR_ID) = UPPER(D.APPROVER_ID)  AND UPPER(A.NEXT_APPROVER_ID) = UPPER(C.APPROVER_ID (+))  AND A.TYPE_ID = 7 and (A.NEXT_APPROVER_ID <> 'No further approvals' OR A.NEXT_APPROVER_ID IS NULL) 
               	AND Cancelled IS null    AND EXPORTED IS null 
  				 
  		  ]]> -->
  		   <![CDATA[ 
                SELECT * FROM 
                (SELECT A.NEXT_APPROVER_ID NEXTAPPROVERID, A.LOCATION_NUMBER As locationNumber, A.INVOICE_NUMBER As invoiceNumber, Invoice_Date as invoiceDate, Vendor_Number as vendorId,
                massAppNetAmount  ,D.APPROVER_NAME AS originator, C.APPROVER_NAME as originalApprover, 
                DECODE(EXPORTED,Null, ' ','X') As Fin, DECODE(CANCELLED, Null, ' ', 'X') As Can 
                FROM ${db.schema.name}.CBK_CHARGEBACK A, (  SELECT  SUM(nvl(Item_Quantity, 0) * nvl(Item_Price, 0)) massAppNetAmount , INVOICE_NUMBER,LOCATION_NUMBER 
                FROM ${db.schema.name}.CBK_ITEM GROUP BY INVOICE_NUMBER,LOCATION_NUMBER) B, ${db.schema.name}.CBK_APPROVER C, ${db.schema.name}.CBK_APPROVER D
                WHERE (B.INVOICE_NUMBER (+) = A.INVOICE_NUMBER AND B.LOCATION_NUMBER (+) = A.LOCATION_NUMBER) AND SUBSTR(A.LOCATION_NUMBER,1,2) IN
                (SELECT DISTINCT LOCATION_NUMBER FROM ${db.schema.name}.CBK_APPROVER_ROLES WHERE UPPER(APPROVER_ID) <> UPPER('%' || #userId# || '%')) 
                AND UPPER(A.CREATOR_ID) = UPPER(D.APPROVER_ID)  AND UPPER(A.NEXT_APPROVER_ID) = UPPER(C.APPROVER_ID (+))  AND A.TYPE_ID = 7 and (A.NEXT_APPROVER_ID <> 'No further approvals' OR A.NEXT_APPROVER_ID IS NULL) 
               	AND Cancelled IS null    AND EXPORTED IS null
               	
               	 
               	
  				 
  		  ]]>
		<dynamic>
			<isNotEmpty property="locationNumber" prepend="AND">
				LTRIM(A.LOCATION_NUMBER) LIKE #locationNumber#
			</isNotEmpty>
			<isNotEmpty property="invoiceFrom">
				AND A.INVOICE_NUMBER BETWEEN
				#invoiceFrom# AND #invoiceTo#
			</isNotEmpty>
			<isNotEmpty property="vendorId" prepend="AND">
				LTRIM(VENDOR_NUMBER) LIKE #vendorId#
			</isNotEmpty>
			<isNotEmpty property="originator" prepend="AND">
				UPPER(CREATOR_ID) LIKE UPPER('%' || #originator# || '%')
				<!-- AND CREATOR_ID 	LIKE #originator# -->
			</isNotEmpty>
			<isNotEmpty property="approver" prepend="AND">
				UPPER(Next_Approver_ID) LIKE UPPER('%' || #approver# || '%')
				<!-- AND Next_Approver_ID LIKE #approver# -->
			</isNotEmpty>
			<isNotEmpty property="fromDate" prepend="AND">
				INVOICE_DATE
				BETWEEN TO_DATE(#fromDate#,'MM/DD/YYYY') and
				TO_DATE(#toDate#,'MM/DD/YYYY')+ (1-1/24/60/60)
			</isNotEmpty>
			<isNotEmpty property="amountFrom">
				<isNotEmpty property="amountTo" prepend="AND">
					massAppNetAmount
					BETWEEN #amountFrom# AND #amountTo#
				</isNotEmpty>
			</isNotEmpty>


		</dynamic>
		Group BY A.NEXT_APPROVER_ID, A.INVOICE_NUMBER, A.LOCATION_NUMBER, Invoice_Date,
		Vendor_Number, D.APPROVER_NAME, C.APPROVER_NAME, Exported,
		massAppNetAmount, 
		CANCELLED) <!-- Order BY A.INVOICE_NUMBER,A.LOCATION_NUMBER -->
		  <!--WHERE NEXTAPPROVERID =  UPPER(#userId#) OR NEXTAPPROVERID IS NULL -->
	</sql>

	<select id="getMassApprovalsList" parameterClass="Map"
		resultMap="massApproval-result">
		<include refid="query_getMassApprovalsList" />
		<isNotEmpty property="sortBy">
			ORDER BY $sortBy$ $sortOrder$
		</isNotEmpty>
	</select>

	<select id="getValidVendorNumber" parameterClass="Map"
		resultClass="String">
		SELECT SVVENMAST_v.VENDOR vendorId
		FROM
		(${db.schema.name}.SVVENMAST_v INNER JOIN
		${db.schema.name}.APVENMAST_v
		ON (SVVENMAST_v.VENDOR_GROUP =
		APVENMAST_v.VENDOR_GROUP) AND
		(SVVENMAST_v.VENDOR =
		APVENMAST_v.VENDOR))
		LEFT JOIN ${db.schema.name}.CBK_EXCLUDED_VENDOR ON
		SVVENMAST_v.VENDOR =
		CBK_EXCLUDED_VENDOR.VENDOR
		WHERE
		(APVENMAST_v.VENDOR_STATUS='A') AND (SVVENMAST_v.VENDOR=#vendorId#)
		AND (SVVENMAST_v.VENDOR_GROUP='SVVG')
		AND (CBK_EXCLUDED_VENDOR.VENDOR
		Is Null)


	</select>

	<select id="getValidAccountNumber" parameterClass="Map"
		resultClass="String">
          <![CDATA[
              SELECT ACCOUNT account FROM ${db.schema.name}.GLMaster_V WHERE NVL(Active_Status,'A')  <> 'I'
              and company=#companyCode# and account=#accNum# and Acct_Unit = #acct_unit#
              ]]>
	</select>

 
	<select id="getRoleIdRouteIdForUser" parameterClass="Map" resultMap="getRoleIdRouteIdForUser-result">
		SELECT amount_floor floorAmount, routing.role_id roleId, routing.route_id routeId 
		FROM ${db.schema.name}.CBK_routing routing, ${db.schema.name}.CBK_approver_roles aproles
		WHERE
		routing.role_id=aproles.role_id and amount_floor >= 0 and
		UPPER(aproles.approver_id) LIKE UPPER('%' || #userId# || '%')
		 order by amount_floor desc FETCH FIRST 1 ROWS ONLY
	</select> 
	
	
	<select id="getApprovalLimitForUser" parameterClass="Map"
		resultClass="String">
    	SELECT r.AMOUNT_FLOOR   amountFloor FROM  
		${db.schema.name}.CBK_roles t, ${db.schema.name}.CBK_ROUTING r 
		WHERE t.ROLE_ID =  r.ROLE_ID   AND r.ROUTE_ID = #routeId# and t.ROLE_ID > #roleId#
 		order by amount_floor FETCH FIRST 1  ROWS ONLY
	</select>
	

	<select id="deleteApproverReference" parameterClass="Map"
		resultClass="String">
		select distinct(a.approver_id) approver_id from
		${db.schema.name}.CBK_approver
		a,${db.schema.name}.CBK_approvals ar
		where a.approver_id= ar.approver_id
		AND UPPER(a.approver_id) LIKE UPPER('%' || #userId# || '%')
		<!-- and a.approver_id=#userId# -->
		union
		select distinct(a.approver_id) approver_id from
		${db.schema.name}.CBK_approver
		a,${db.schema.name}.CBK_CHARGEBACK c
		where (a.approver_id= c.next_approver_id)
		AND UPPER(a.approver_id) LIKE UPPER('%' || #userId# || '%')
		<!-- and a.approver_id=#userId# -->

	</select>

	<select id="getInvoiceEditableStatus" parameterClass="String"
		resultClass="String">
		<![CDATA[
		select invoice_number invoiceNumber  from  ${db.schema.name}.cbk_chargeback where exported is null and (NEXT_APPROVER_ID <> 'No further approvals' OR NEXT_APPROVER_ID IS NULL)  and cancelled is null and LTRIM(invoice_number)= #invoiceNumber#
		 ]]>
	</select>



	<select id="getApprovalWith5KLimit" parameterClass="Map"
		resultClass="String">
		select distinct(approver_id) approver_id from
		${db.schema.name}.CBK_APPROVER_ROLES 
		where 
		UPPER(approver_id) LIKE UPPER('%' || #userId# || '%')
		AND role_id=1 and LOCATION_NUMBER = SUBSTR(#locationNumber#,1,2)
	</select>

	<select id="getMaxStepNumberForInvoice" parameterClass="String"
		resultClass="String">
		SELECT MAX(STEP_NUMBER) stepNumber
		FROM
		${db.schema.name}.CBK_APPROVALS where LTRIM(INVOICE_NUMBER) =
		#invoiceNumber#
		Group BY INVOICE_NUMBER, LOCATION_NUMBER

	</select>

	<select id="getInvoiceEligibleForApprove" parameterClass="Map"
		resultClass="String">
		<![CDATA[

		SELECT distinct K.INVOICE_NUMBER invoiceNumber
		FROM
		${db.schema.name}.CBK_ROUTING I, ${db.schema.name}.CBK_APPROVER_ROLES J, (SELECT
		H.NEXT_APPROVER_ID, H.INVOICE_DATE, H.INVOICE_NUMBER,
		H.LOCATION_NUMBER, MIN(STEP_NUMBER) As NextStep, CREATOR_ID,
		VENDOR_NUMBER, H.ROUTE_ID, Total, TYPE_ID FROM ${db.schema.name}.CBK_ROUTING G,
		(SELECT MAX(STEP_NUMBER) AS LastStep, INVOICE_NUMBER, Location_Number
		FROM ${db.schema.name}.CBK_APPROVALS Group BY INVOICE_NUMBER, LOCATION_NUMBER)
		D, (SELECT A.NEXT_APPROVER_ID,A.INVOICE_DATE,A.INVOICE_NUMBER,
		A.LOCATION_NUMBER, ROUTE_ID, CREATOR_ID, VENDOR_NUMBER, A.TYPE_ID,
		SUM(nvl(Item_Quantity, 0) * nvl(Item_Price, 0)) As Total FROM
		${db.schema.name}.CBK_CHARGEBACK A, ${db.schema.name}.CBK_ITEM B, ${db.schema.name}.CBK_TYPE C WHERE
		(B.INVOICE_NUMBER = A.INVOICE_NUMBER AND B.LOCATION_NUMBER =
		A.LOCATION_NUMBER) AND A.TYPE_ID = C.TYPE_ID AND NEXT_APPROVER_ID IS
		NOT NULL AND nvl(EXPORTED, 0) = 0 And nvl(CANCELLED, 0) = 0 Group BY
		A.NEXT_APPROVER_ID,A.INVOICE_DATE, A.INVOICE_NUMBER,
		A.LOCATION_NUMBER, ROUTE_ID, VENDOR_NUMBER, CREATOR_ID, A.TYPE_ID) H
		WHERE (D.INVOICE_NUMBER (+) = H.INVOICE_NUMBER AND D.LOCATION_NUMBER
		(+) = H.LOCATION_NUMBER) AND G.ROUTE_ID = H.ROUTE_ID AND G.STEP_NUMBER
		> nvl(D.LastStep,0) AND G.AMOUNT_FLOOR <= nvl(H.Total,0) Group BY
		H.NEXT_APPROVER_ID,H.INVOICE_DATE,H.INVOICE_NUMBER, H.LOCATION_NUMBER,
		CREATOR_ID, H.ROUTE_ID, VENDOR_NUMBER, Total, TYPE_ID) K WHERE
		I.STEP_NUMBER= K.NextStep AND I.ROLE_ID = J.ROLE_ID AND
		J.LOCATION_NUMBER = SUBSTR(K.LOCATION_NUMBER, 1,2) AND I.ROUTE_ID =
		K.ROUTE_ID
		AND UPPER(J.APPROVER_ID) LIKE UPPER('%' || #userId# || '%')
		AND LTRIM(K.INVOICE_NUMBER) =#invoiceNumber#

		UNION
		SELECT DISTINCT A.INVOICE_NUMBER
		FROM (SELECT * FROM ${db.schema.name}.CBK_CHARGEBACK WHERE nvl(EXPORTED,0)= 0 AND
		nvl(CANCELLED,0) = 0 AND NEXT_APPROVER_ID IS NOT NULL) A, (SELECT
		INVOICE_NUMBER, LOCATION_NUMBER FROM ${db.schema.name}.CBK_APPROVALS WHERE
		STEP_NUMBER =10) C, (SELECT INVOICE_NUMBER, LOCATION_NUMBER FROM
		${db.schema.name}.CBK_APPROVALS WHERE STEP_NUMBER > 10 ) E,
		${db.schema.name}.CBK_APPROVER_ROLES D, ${db.schema.name}.CBK_TYPE F, (SELECT
		SUM(nvl(ITEM_QUANTITY,0) * nvl(ITEM_PRICE,0)) AS TOTAL,
		INVOICE_NUMBER, LOCATION_NUMBER FROM ${db.schema.name}.CBK_ITEM GROUP BY
		INVOICE_NUMBER, LOCATION_NUMBER) G WHERE A.TYPE_ID = F.TYPE_ID AND
		A.INVOICE_NUMBER = E.INVOICE_NUMBER AND A.LOCATION_NUMBER =
		E.LOCATION_NUMBER AND A.INVOICE_NUMBER = G.INVOICE_NUMBER AND
		A.LOCATION_NUMBER = G.LOCATION_NUMBER AND A.INVOICE_NUMBER =
		C.INVOICE_NUMBER (+) AND A.LOCATION_NUMBER = C.LOCATION_NUMBER (+) AND
		C.INVOICE_NUMBER IS NULL
		AND UPPER(D.APPROVER_ID) LIKE UPPER('%' || #userId# || '%')
		AND LTRIM(A.INVOICE_NUMBER) = #invoiceNumber#

		AND SUBSTR(A.LOCATION_NUMBER,1,2) = D.LOCATION_NUMBER ORDER BY
		invoiceNumber asc
		]]>

	</select>
	
	<!-- FUNDS MANAGEMENT -->
	
    <insert id="insertFundsCbk" parameterClass="ChargebackBO">
		INSERT INTO
		${db.schema.name}.CBK_CHARGEBACK_EXP
		(INVOICE_NUMBER,LOCATION_NUMBER,DUE_DATE,INVOICE_DATE,VENDOR_INVOICE,VENDOR_NUMBER,ATTACHMENT,TYPE_ID,CREATOR_ID,BARCODE,SHORT_DESC,EXPORTED,
		CANCELLED,NEXT_APPROVER_ID,INTERNET_INSTRUCTION,REASON_CODE,IN_PROCESS,REFERENCE_NUMBER,PRODUCT_GROUP_CODE)
		values(#invoiceNumber#, #locationNumber#,#dueDate#, #invoiceDate#,
		#vendorInvoice#,#vendorId#,#attachmentType#,#typeId#,#creatorId#,
		#barCode#,#shortDesc#,#exported#,#cancelled#,#approver#,#interInstr#,#reasonCode#,#inProcess#,#referenceNumber#,#productGrpCode#)
	</insert>
	
	<insert id="insertFundsCbkItem" parameterClass="ChargebackBO">
		INSERT INTO
		${db.schema.name}.CBK_ITEM_EXP
		(INVOICE_NUMBER,LOCATION_NUMBER,LINE_NUMBER,ITEM_NUMBER,ITEM_PACK,ITEM_SIZE,ITEM_DESCRIPTION,ITEM_UPC,ITEM_SLOT,ITEM_QUANTITY,ITEM_PRICE,PRODUCT_CODE,DC_NUMBER,
		REGION,DIVISION,SUBFUND)
		values(#invoiceNumber#,
		#locationNumber#,#lineNumber#, #itemNumber#,
		#itemPack#,#itemSize#,#itemDesc#,#itemUpc#,#itemSlot#,
		#itemQuantity#,#itemPrice#,#productCode#,#dcNumber#,#region#,#division#,#subFund#)
	</insert>

    <insert id="insertFundsCbkDistribution" parameterClass="ChargebackBO">
		INSERT INTO
		${db.schema.name}.CBK_DISTRIBUTION_EXP
		(INVOICE_NUMBER,LOCATION_NUMBER,COMPANY_CODE,ACCOUNT_NUMBER,DISTRIBUTION_AMOUNT,DIST_LOC_NUMBER,PRODUCT_GROUP)
		values(#invoiceNumber#, #locationNumber#,#companyCode#,
		#accountNumber#, #distributionAmt#,#distLocNumber#,#productGrpCode#)
	</insert>
   <insert id="insertFundsApprovals" parameterClass="ChargebackBO">
		INSERT INTO
		${db.schema.name}.CBK_APPROVALS_EXP
		(INVOICE_NUMBER,LOCATION_NUMBER,STEP_NUMBER,APPROVER_ID,APPROVAL_DATE)
		values(#invoiceNumber#, #locationNumber#,#stepNumber#, #approverId#,
		#approvalDate#)
	</insert>
	
	<select id="getStepNumberForApproverByRoleid" parameterClass="String"
              resultClass="String">
              <![CDATA[
              select step_number stepNumber from (
              SELECT  max(b.role_id) roleId,step_number FROM CBK.CBK_ROUTING
                                a, CBK.CBK_APPROVER_ROLES b where a.role_id=b.role_id 
                                and b.APPROVER_ID = #approverId# and b.role_id <90 
        group by b.role_id,step_number order by b.role_id desc FETCH FIRST 1
                                ROWS ONLY)
              ]]>
       </select>
       
       <select id="getValidateUserId" parameterClass="Map"
		resultClass="String">
		SELECT a.APPROVER_ID userId FROM
		${db.schema.name}.CBK_APPROVER a
		WHERE  UPPER(a.APPROVER_ID) LIKE UPPER('%' || #userId#  || '%') 
		
	</select>
	
	<update id="getCancelChargeback" parameterClass="String">
		UPDATE
		${db.schema.name}.CBK_CHARGEBACK
		SET CANCELLED = -1
		WHERE INVOICE_NUMBER = #invoiceNumber#
	</update>
	
	<select id="getActiveUserDetails" parameterClass="Map"
              resultMap="userDetails-result">
              SELECT a.APPROVER_ID userId, a.APPROVER_NAME userName,
              a.APPROVER_EMAIL useremailId, a.APPROVER_STATUS status FROM
              ${db.schema.name}.CBK_APPROVER a
              WHERE  a.APPROVER_STATUS = 'A'  and UPPER(a.APPROVER_ID) LIKE UPPER('%' || #userId#  || '%') 
              
       </select>
	
	<select id="getChargebackTypesForCreate"
              resultMap="chargebackTypes-result">
              SELECT c.TYPE_ID typeId, c.TYPE_DESCRIPTION typeName
              FROM
              ${db.schema.name}.CBK_TYPE c where c.type_id in (1,2,3) ORDER BY typeName ASC
       </select>
       
       <select id="getVendorInfoByVendorId" parameterClass="Map"
		resultMap="getVendorInfo-result">
		SELECT LTRIM(m.vendor) vendorId, LTRIM(m.vendor_vname)
		vendorName,a.addr1 vendorAddr1,
		a.addr2 vendorAddr2,a.CITY_ADDR5
		vendorCity,a.STATE_PROV
		vendorState,a.POSTAL_CODE vendorPostCode
		FROM
		${db.schema.name}.apvenmast_v m, ${db.schema.name}.apvenaddr_v a
		WHERE
		m.vendor = a.vendor AND m.vendor_status = 'A' and rownum=1
		<isNotEmpty property="vendorId" prepend="AND">
			m.vendor like  ('%' || #vendorId# || '%') 
			<!-- LTRIM(m.vendor) =	#vendorId# -->
		</isNotEmpty>
	</select>
	
	<select id="getAvailableInvoiceNumber" parameterClass="Map"
		resultMap="getAvailableInvoiceNumber-result">
		SELECT LTRIM(A.INVOICE_NUMBER) invoiceNumber FROM
		${db.schema.name}.CBK_CHARGEBACK A WHERE LTRIM(A.INVOICE_NUMBER)=
		#invoiceNumber# AND LTRIM(A.LOCATION_NUMBER)= #locationNumber#
	</select>
	
</sqlMap>