<?xml version="1.0" encoding="UTF-8"?>
<!DOCTYPE sqlMapConfig PUBLIC "-//ibatis.apache.org//DTD SQL Map Config 2.0//EN" "sql-map-config-2.dtd">
<!-- <!DOCTYPE sqlMapConfig  
PUBLIC "-//ibatis.apache.org//DTD SQL Map Config 2.0//EN" 
"http://ibatis.apache.org/dtd/sql-map-config-2.dtd">  -->

<sqlMapConfig>
	<properties resource="cbkApplication.properties" />
	
	<settings enhancementEnabled="true" useStatementNamespaces="true" />

	<sqlMap resource="com/unfi/cbk/dao/ibImpl/xml/IncludesOracle.xml" />	
	
	
	<sqlMap resource="com/unfi/cbk/dao/ibImpl/xml/ChargebackCommon.xml" />
	<sqlMap resource="com/unfi/cbk/dao/ibImpl/xml/ChargebackSearch.xml" />
	<sqlMap resource="com/unfi/cbk/dao/ibImpl/xml/UserSearchResult.xml" />
	<sqlMap resource="com/unfi/cbk/dao/ibImpl/xml/UserIDSelector.xml" />
	<sqlMap resource="com/unfi/cbk/dao/ibImpl/xml/ChargebackCreate.xml" />
	<sqlMap resource="com/unfi/cbk/dao/ibImpl/xml/AdminData.xml" />
	<sqlMap resource="com/unfi/cbk/dao/ibImpl/xml/ChargebackManager.xml" />
	<sqlMap resource="com/unfi/cbk/dao/ibImpl/xml/ChargebackExport.xml" />
	<sqlMap resource="com/unfi/cbk/dao/ibImpl/xml/ChargebackReport.xml" />
	
</sqlMapConfig>